/home/mengyaowu/Desktop/github_sharing/download/collected_data4/IMG/center_2020_10_08_18_35_46_223.jpg,/home/mengyaowu/Desktop/github_sharing/download/collected_data4/IMG/left_2020_10_08_18_35_46_223.jpg,/home/mengyaowu/Desktop/github_sharing/download/collected_data4/IMG/right_2020_10_08_18_35_46_223.jpg,0,1,0,20.16588
/home/mengyaowu/Desktop/github_sharing/download/collected_data4/IMG/center_2020_10_08_18_35_46_301.jpg,/home/mengyaowu/Desktop/github_sharing/download/collected_data4/IMG/left_2020_10_08_18_35_46_301.jpg,/home/mengyaowu/Desktop/github_sharing/download/collected_data4/IMG/right_2020_10_08_18_35_46_301.jpg,0,1,0,20.98666
/home/mengyaowu/Desktop/github_sharing/download/collected_data4/IMG/center_2020_10_08_18_35_46_376.jpg,/home/mengyaowu/Desktop/github_sharing/download/collected_data4/IMG/left_2020_10_08_18_35_46_376.jpg,/home/mengyaowu/Desktop/github_sharing/download/collected_data4/IMG/right_2020_10_08_18_35_46_376.jpg,0,1,0,21.79972
/home/mengyaowu/Desktop/github_sharing/download/collected_data4/IMG/center_2020_10_08_18_35_46_453.jpg,/home/mengyaowu/Desktop/github_sharing/download/collected_data4/IMG/left_2020_10_08_18_35_46_453.jpg,/home/mengyaowu/Desktop/github_sharing/download/collected_data4/IMG/right_2020_10_08_18_35_46_453.jpg,0,1,0,22.60412
/home/mengyaowu/Desktop/github_sharing/download/collected_data4/IMG/center_2020_10_08_18_35_46_529.jpg,/home/mengyaowu/Desktop/github_sharing/download/collected_data4/IMG/left_2020_10_08_18_35_46_529.jpg,/home/mengyaowu/Desktop/github_sharing/download/collected_data4/IMG/right_2020_10_08_18_35_46_529.jpg,0,1,0,23.2158
/home/mengyaowu/Desktop/github_sharing/download/collected_data4/IMG/center_2020_10_08_18_35_46_604.jpg,/home/mengyaowu/Desktop/github_sharing/download/collected_data4/IMG/left_2020_10_08_18_35_46_604.jpg,/home/mengyaowu/Desktop/github_sharing/download/collected_data4/IMG/right_2020_10_08_18_35_46_604.jpg,0,1,0,23.99159
/home/mengyaowu/Desktop/github_sharing/download/collected_data4/IMG/center_2020_10_08_18_35_46_683.jpg,/home/mengyaowu/Desktop/github_sharing/download/collected_data4/IMG/left_2020_10_08_18_35_46_683.jpg,/home/mengyaowu/Desktop/github_sharing/download/collected_data4/IMG/right_2020_10_08_18_35_46_683.jpg,0,1,0,24.76409
/home/mengyaowu/Desktop/github_sharing/download/collected_data4/IMG/center_2020_10_08_18_35_46_756.jpg,/home/mengyaowu/Desktop/github_sharing/download/collected_data4/IMG/left_2020_10_08_18_35_46_756.jpg,/home/mengyaowu/Desktop/github_sharing/download/collected_data4/IMG/right_2020_10_08_18_35_46_756.jpg,0,1,0,25.53138
/home/mengyaowu/Desktop/github_sharing/download/collected_data4/IMG/center_2020_10_08_18_35_46_827.jpg,/home/mengyaowu/Desktop/github_sharing/download/collected_data4/IMG/left_2020_10_08_18_35_46_827.jpg,/home/mengyaowu/Desktop/github_sharing/download/collected_data4/IMG/right_2020_10_08_18_35_46_827.jpg,0,1,0,26.10321
/home/mengyaowu/Desktop/github_sharing/download/collected_data4/IMG/center_2020_10_08_18_35_46_900.jpg,/home/mengyaowu/Desktop/github_sharing/download/collected_data4/IMG/left_2020_10_08_18_35_46_900.jpg,/home/mengyaowu/Desktop/github_sharing/download/collected_data4/IMG/right_2020_10_08_18_35_46_900.jpg,0,1,0,26.86072
/home/mengyaowu/Desktop/github_sharing/download/collected_data4/IMG/center_2020_10_08_18_35_46_973.jpg,/home/mengyaowu/Desktop/github_sharing/download/collected_data4/IMG/left_2020_10_08_18_35_46_973.jpg,/home/mengyaowu/Desktop/github_sharing/download/collected_data4/IMG/right_2020_10_08_18_35_46_973.jpg,0,1,0,27.61205
/home/mengyaowu/Desktop/github_sharing/download/collected_data4/IMG/center_2020_10_08_18_35_47_044.jpg,/home/mengyaowu/Desktop/github_sharing/download/collected_data4/IMG/left_2020_10_08_18_35_47_044.jpg,/home/mengyaowu/Desktop/github_sharing/download/collected_data4/IMG/right_2020_10_08_18_35_47_044.jpg,0,1,0,28.17146
/home/mengyaowu/Desktop/github_sharing/download/collected_data4/IMG/center_2020_10_08_18_35_47_116.jpg,/home/mengyaowu/Desktop/github_sharing/download/collected_data4/IMG/left_2020_10_08_18_35_47_116.jpg,/home/mengyaowu/Desktop/github_sharing/download/collected_data4/IMG/right_2020_10_08_18_35_47_116.jpg,0,1,0,28.91221
/home/mengyaowu/Desktop/github_sharing/download/collected_data4/IMG/center_2020_10_08_18_35_47_186.jpg,/home/mengyaowu/Desktop/github_sharing/download/collected_data4/IMG/left_2020_10_08_18_35_47_186.jpg,/home/mengyaowu/Desktop/github_sharing/download/collected_data4/IMG/right_2020_10_08_18_35_47_186.jpg,0,1,0,29.4638
/home/mengyaowu/Desktop/github_sharing/download/collected_data4/IMG/center_2020_10_08_18_35_47_257.jpg,/home/mengyaowu/Desktop/github_sharing/download/collected_data4/IMG/left_2020_10_08_18_35_47_257.jpg,/home/mengyaowu/Desktop/github_sharing/download/collected_data4/IMG/right_2020_10_08_18_35_47_257.jpg,0.15,1,0,30.1765
/home/mengyaowu/Desktop/github_sharing/download/collected_data4/IMG/center_2020_10_08_18_35_47_332.jpg,/home/mengyaowu/Desktop/github_sharing/download/collected_data4/IMG/left_2020_10_08_18_35_47_332.jpg,/home/mengyaowu/Desktop/github_sharing/download/collected_data4/IMG/right_2020_10_08_18_35_47_332.jpg,0.35,1,0,30.16347
/home/mengyaowu/Desktop/github_sharing/download/collected_data4/IMG/center_2020_10_08_18_35_47_401.jpg,/home/mengyaowu/Desktop/github_sharing/download/collected_data4/IMG/left_2020_10_08_18_35_47_401.jpg,/home/mengyaowu/Desktop/github_sharing/download/collected_data4/IMG/right_2020_10_08_18_35_47_401.jpg,0.5000001,1,0,30.14523
/home/mengyaowu/Desktop/github_sharing/download/collected_data4/IMG/center_2020_10_08_18_35_47_471.jpg,/home/mengyaowu/Desktop/github_sharing/download/collected_data4/IMG/left_2020_10_08_18_35_47_471.jpg,/home/mengyaowu/Desktop/github_sharing/download/collected_data4/IMG/right_2020_10_08_18_35_47_471.jpg,0,1,0,30.18049
/home/mengyaowu/Desktop/github_sharing/download/collected_data4/IMG/center_2020_10_08_18_35_47_542.jpg,/home/mengyaowu/Desktop/github_sharing/download/collected_data4/IMG/left_2020_10_08_18_35_47_542.jpg,/home/mengyaowu/Desktop/github_sharing/download/collected_data4/IMG/right_2020_10_08_18_35_47_542.jpg,0,1,0,30.18678
/home/mengyaowu/Desktop/github_sharing/download/collected_data4/IMG/center_2020_10_08_18_35_47_617.jpg,/home/mengyaowu/Desktop/github_sharing/download/collected_data4/IMG/left_2020_10_08_18_35_47_617.jpg,/home/mengyaowu/Desktop/github_sharing/download/collected_data4/IMG/right_2020_10_08_18_35_47_617.jpg,0,1,0,30.18962
/home/mengyaowu/Desktop/github_sharing/download/collected_data4/IMG/center_2020_10_08_18_35_47_691.jpg,/home/mengyaowu/Desktop/github_sharing/download/collected_data4/IMG/left_2020_10_08_18_35_47_691.jpg,/home/mengyaowu/Desktop/github_sharing/download/collected_data4/IMG/right_2020_10_08_18_35_47_691.jpg,0,1,0,30.19022
/home/mengyaowu/Desktop/github_sharing/download/collected_data4/IMG/center_2020_10_08_18_35_47_769.jpg,/home/mengyaowu/Desktop/github_sharing/download/collected_data4/IMG/left_2020_10_08_18_35_47_769.jpg,/home/mengyaowu/Desktop/github_sharing/download/collected_data4/IMG/right_2020_10_08_18_35_47_769.jpg,0,1,0,30.1904
/home/mengyaowu/Desktop/github_sharing/download/collected_data4/IMG/center_2020_10_08_18_35_47_839.jpg,/home/mengyaowu/Desktop/github_sharing/download/collected_data4/IMG/left_2020_10_08_18_35_47_839.jpg,/home/mengyaowu/Desktop/github_sharing/download/collected_data4/IMG/right_2020_10_08_18_35_47_839.jpg,0.2,1,0,30.18094
/home/mengyaowu/Desktop/github_sharing/download/collected_data4/IMG/center_2020_10_08_18_35_47_915.jpg,/home/mengyaowu/Desktop/github_sharing/download/collected_data4/IMG/left_2020_10_08_18_35_47_915.jpg,/home/mengyaowu/Desktop/github_sharing/download/collected_data4/IMG/right_2020_10_08_18_35_47_915.jpg,0.4,1,0,30.15852
/home/mengyaowu/Desktop/github_sharing/download/collected_data4/IMG/center_2020_10_08_18_35_47_989.jpg,/home/mengyaowu/Desktop/github_sharing/download/collected_data4/IMG/left_2020_10_08_18_35_47_989.jpg,/home/mengyaowu/Desktop/github_sharing/download/collected_data4/IMG/right_2020_10_08_18_35_47_989.jpg,0.5500001,1,0,30.13985
/home/mengyaowu/Desktop/github_sharing/download/collected_data4/IMG/center_2020_10_08_18_35_48_059.jpg,/home/mengyaowu/Desktop/github_sharing/download/collected_data4/IMG/left_2020_10_08_18_35_48_059.jpg,/home/mengyaowu/Desktop/github_sharing/download/collected_data4/IMG/right_2020_10_08_18_35_48_059.jpg,0,1,0,30.17794
/home/mengyaowu/Desktop/github_sharing/download/collected_data4/IMG/center_2020_10_08_18_35_48_132.jpg,/home/mengyaowu/Desktop/github_sharing/download/collected_data4/IMG/left_2020_10_08_18_35_48_132.jpg,/home/mengyaowu/Desktop/github_sharing/download/collected_data4/IMG/right_2020_10_08_18_35_48_132.jpg,0,1,0,30.18762
/home/mengyaowu/Desktop/github_sharing/download/collected_data4/IMG/center_2020_10_08_18_35_48_205.jpg,/home/mengyaowu/Desktop/github_sharing/download/collected_data4/IMG/left_2020_10_08_18_35_48_205.jpg,/home/mengyaowu/Desktop/github_sharing/download/collected_data4/IMG/right_2020_10_08_18_35_48_205.jpg,0,1,0,30.18959
/home/mengyaowu/Desktop/github_sharing/download/collected_data4/IMG/center_2020_10_08_18_35_48_275.jpg,/home/mengyaowu/Desktop/github_sharing/download/collected_data4/IMG/left_2020_10_08_18_35_48_275.jpg,/home/mengyaowu/Desktop/github_sharing/download/collected_data4/IMG/right_2020_10_08_18_35_48_275.jpg,0,1,0,30.19002
/home/mengyaowu/Desktop/github_sharing/download/collected_data4/IMG/center_2020_10_08_18_35_48_347.jpg,/home/mengyaowu/Desktop/github_sharing/download/collected_data4/IMG/left_2020_10_08_18_35_48_347.jpg,/home/mengyaowu/Desktop/github_sharing/download/collected_data4/IMG/right_2020_10_08_18_35_48_347.jpg,0,1,0,30.19023
/home/mengyaowu/Desktop/github_sharing/download/collected_data4/IMG/center_2020_10_08_18_35_48_417.jpg,/home/mengyaowu/Desktop/github_sharing/download/collected_data4/IMG/left_2020_10_08_18_35_48_417.jpg,/home/mengyaowu/Desktop/github_sharing/download/collected_data4/IMG/right_2020_10_08_18_35_48_417.jpg,0,1,0,30.19041
/home/mengyaowu/Desktop/github_sharing/download/collected_data4/IMG/center_2020_10_08_18_35_48_490.jpg,/home/mengyaowu/Desktop/github_sharing/download/collected_data4/IMG/left_2020_10_08_18_35_48_490.jpg,/home/mengyaowu/Desktop/github_sharing/download/collected_data4/IMG/right_2020_10_08_18_35_48_490.jpg,0.1,1,0,30.18792
/home/mengyaowu/Desktop/github_sharing/download/collected_data4/IMG/center_2020_10_08_18_35_48_560.jpg,/home/mengyaowu/Desktop/github_sharing/download/collected_data4/IMG/left_2020_10_08_18_35_48_560.jpg,/home/mengyaowu/Desktop/github_sharing/download/collected_data4/IMG/right_2020_10_08_18_35_48_560.jpg,0.25,1,0,30.17505
/home/mengyaowu/Desktop/github_sharing/download/collected_data4/IMG/center_2020_10_08_18_35_48_631.jpg,/home/mengyaowu/Desktop/github_sharing/download/collected_data4/IMG/left_2020_10_08_18_35_48_631.jpg,/home/mengyaowu/Desktop/github_sharing/download/collected_data4/IMG/right_2020_10_08_18_35_48_631.jpg,0.45,1,0,30.15187
/home/mengyaowu/Desktop/github_sharing/download/collected_data4/IMG/center_2020_10_08_18_35_48_702.jpg,/home/mengyaowu/Desktop/github_sharing/download/collected_data4/IMG/left_2020_10_08_18_35_48_702.jpg,/home/mengyaowu/Desktop/github_sharing/download/collected_data4/IMG/right_2020_10_08_18_35_48_702.jpg,0,1,0,30.17535
/home/mengyaowu/Desktop/github_sharing/download/collected_data4/IMG/center_2020_10_08_18_35_48_772.jpg,/home/mengyaowu/Desktop/github_sharing/download/collected_data4/IMG/left_2020_10_08_18_35_48_772.jpg,/home/mengyaowu/Desktop/github_sharing/download/collected_data4/IMG/right_2020_10_08_18_35_48_772.jpg,0,1,0,30.1879
/home/mengyaowu/Desktop/github_sharing/download/collected_data4/IMG/center_2020_10_08_18_35_48_840.jpg,/home/mengyaowu/Desktop/github_sharing/download/collected_data4/IMG/left_2020_10_08_18_35_48_840.jpg,/home/mengyaowu/Desktop/github_sharing/download/collected_data4/IMG/right_2020_10_08_18_35_48_840.jpg,0,1,0,30.1895
/home/mengyaowu/Desktop/github_sharing/download/collected_data4/IMG/center_2020_10_08_18_35_48_917.jpg,/home/mengyaowu/Desktop/github_sharing/download/collected_data4/IMG/left_2020_10_08_18_35_48_917.jpg,/home/mengyaowu/Desktop/github_sharing/download/collected_data4/IMG/right_2020_10_08_18_35_48_917.jpg,0,1,0,30.19011
/home/mengyaowu/Desktop/github_sharing/download/collected_data4/IMG/center_2020_10_08_18_35_48_991.jpg,/home/mengyaowu/Desktop/github_sharing/download/collected_data4/IMG/left_2020_10_08_18_35_48_991.jpg,/home/mengyaowu/Desktop/github_sharing/download/collected_data4/IMG/right_2020_10_08_18_35_48_991.jpg,0,1,0,30.19024
/home/mengyaowu/Desktop/github_sharing/download/collected_data4/IMG/center_2020_10_08_18_35_49_059.jpg,/home/mengyaowu/Desktop/github_sharing/download/collected_data4/IMG/left_2020_10_08_18_35_49_059.jpg,/home/mengyaowu/Desktop/github_sharing/download/collected_data4/IMG/right_2020_10_08_18_35_49_059.jpg,0,1,0,30.19047
/home/mengyaowu/Desktop/github_sharing/download/collected_data4/IMG/center_2020_10_08_18_35_49_140.jpg,/home/mengyaowu/Desktop/github_sharing/download/collected_data4/IMG/left_2020_10_08_18_35_49_140.jpg,/home/mengyaowu/Desktop/github_sharing/download/collected_data4/IMG/right_2020_10_08_18_35_49_140.jpg,0,1,0,30.19029
/home/mengyaowu/Desktop/github_sharing/download/collected_data4/IMG/center_2020_10_08_18_35_49_209.jpg,/home/mengyaowu/Desktop/github_sharing/download/collected_data4/IMG/left_2020_10_08_18_35_49_209.jpg,/home/mengyaowu/Desktop/github_sharing/download/collected_data4/IMG/right_2020_10_08_18_35_49_209.jpg,0,1,0,30.19017
/home/mengyaowu/Desktop/github_sharing/download/collected_data4/IMG/center_2020_10_08_18_35_49_284.jpg,/home/mengyaowu/Desktop/github_sharing/download/collected_data4/IMG/left_2020_10_08_18_35_49_284.jpg,/home/mengyaowu/Desktop/github_sharing/download/collected_data4/IMG/right_2020_10_08_18_35_49_284.jpg,0,1,0,30.19029
/home/mengyaowu/Desktop/github_sharing/download/collected_data4/IMG/center_2020_10_08_18_35_49_357.jpg,/home/mengyaowu/Desktop/github_sharing/download/collected_data4/IMG/left_2020_10_08_18_35_49_357.jpg,/home/mengyaowu/Desktop/github_sharing/download/collected_data4/IMG/right_2020_10_08_18_35_49_357.jpg,0,1,0,30.19026
/home/mengyaowu/Desktop/github_sharing/download/collected_data4/IMG/center_2020_10_08_18_35_49_431.jpg,/home/mengyaowu/Desktop/github_sharing/download/collected_data4/IMG/left_2020_10_08_18_35_49_431.jpg,/home/mengyaowu/Desktop/github_sharing/download/collected_data4/IMG/right_2020_10_08_18_35_49_431.jpg,0,1,0,30.19029
/home/mengyaowu/Desktop/github_sharing/download/collected_data4/IMG/center_2020_10_08_18_35_49_504.jpg,/home/mengyaowu/Desktop/github_sharing/download/collected_data4/IMG/left_2020_10_08_18_35_49_504.jpg,/home/mengyaowu/Desktop/github_sharing/download/collected_data4/IMG/right_2020_10_08_18_35_49_504.jpg,0,1,0,30.19017
/home/mengyaowu/Desktop/github_sharing/download/collected_data4/IMG/center_2020_10_08_18_35_49_578.jpg,/home/mengyaowu/Desktop/github_sharing/download/collected_data4/IMG/left_2020_10_08_18_35_49_578.jpg,/home/mengyaowu/Desktop/github_sharing/download/collected_data4/IMG/right_2020_10_08_18_35_49_578.jpg,0,1,0,30.19029
/home/mengyaowu/Desktop/github_sharing/download/collected_data4/IMG/center_2020_10_08_18_35_49_647.jpg,/home/mengyaowu/Desktop/github_sharing/download/collected_data4/IMG/left_2020_10_08_18_35_49_647.jpg,/home/mengyaowu/Desktop/github_sharing/download/collected_data4/IMG/right_2020_10_08_18_35_49_647.jpg,0,1,0,30.19016
/home/mengyaowu/Desktop/github_sharing/download/collected_data4/IMG/center_2020_10_08_18_35_49_715.jpg,/home/mengyaowu/Desktop/github_sharing/download/collected_data4/IMG/left_2020_10_08_18_35_49_715.jpg,/home/mengyaowu/Desktop/github_sharing/download/collected_data4/IMG/right_2020_10_08_18_35_49_715.jpg,0,1,0,30.19029
/home/mengyaowu/Desktop/github_sharing/download/collected_data4/IMG/center_2020_10_08_18_35_49_784.jpg,/home/mengyaowu/Desktop/github_sharing/download/collected_data4/IMG/left_2020_10_08_18_35_49_784.jpg,/home/mengyaowu/Desktop/github_sharing/download/collected_data4/IMG/right_2020_10_08_18_35_49_784.jpg,0,1,0,30.19025
/home/mengyaowu/Desktop/github_sharing/download/collected_data4/IMG/center_2020_10_08_18_35_49_854.jpg,/home/mengyaowu/Desktop/github_sharing/download/collected_data4/IMG/left_2020_10_08_18_35_49_854.jpg,/home/mengyaowu/Desktop/github_sharing/download/collected_data4/IMG/right_2020_10_08_18_35_49_854.jpg,0.15,1,0,30.18416
/home/mengyaowu/Desktop/github_sharing/download/collected_data4/IMG/center_2020_10_08_18_35_49_927.jpg,/home/mengyaowu/Desktop/github_sharing/download/collected_data4/IMG/left_2020_10_08_18_35_49_927.jpg,/home/mengyaowu/Desktop/github_sharing/download/collected_data4/IMG/right_2020_10_08_18_35_49_927.jpg,0.3,1,0,30.16921
/home/mengyaowu/Desktop/github_sharing/download/collected_data4/IMG/center_2020_10_08_18_35_50_003.jpg,/home/mengyaowu/Desktop/github_sharing/download/collected_data4/IMG/left_2020_10_08_18_35_50_003.jpg,/home/mengyaowu/Desktop/github_sharing/download/collected_data4/IMG/right_2020_10_08_18_35_50_003.jpg,0,1,0,30.18986
/home/mengyaowu/Desktop/github_sharing/download/collected_data4/IMG/center_2020_10_08_18_35_50_079.jpg,/home/mengyaowu/Desktop/github_sharing/download/collected_data4/IMG/left_2020_10_08_18_35_50_079.jpg,/home/mengyaowu/Desktop/github_sharing/download/collected_data4/IMG/right_2020_10_08_18_35_50_079.jpg,0,1,0,30.19016
/home/mengyaowu/Desktop/github_sharing/download/collected_data4/IMG/center_2020_10_08_18_35_50_151.jpg,/home/mengyaowu/Desktop/github_sharing/download/collected_data4/IMG/left_2020_10_08_18_35_50_151.jpg,/home/mengyaowu/Desktop/github_sharing/download/collected_data4/IMG/right_2020_10_08_18_35_50_151.jpg,0,1,0,30.19016
/home/mengyaowu/Desktop/github_sharing/download/collected_data4/IMG/center_2020_10_08_18_35_50_224.jpg,/home/mengyaowu/Desktop/github_sharing/download/collected_data4/IMG/left_2020_10_08_18_35_50_224.jpg,/home/mengyaowu/Desktop/github_sharing/download/collected_data4/IMG/right_2020_10_08_18_35_50_224.jpg,0,1,0,30.19021
/home/mengyaowu/Desktop/github_sharing/download/collected_data4/IMG/center_2020_10_08_18_35_50_298.jpg,/home/mengyaowu/Desktop/github_sharing/download/collected_data4/IMG/left_2020_10_08_18_35_50_298.jpg,/home/mengyaowu/Desktop/github_sharing/download/collected_data4/IMG/right_2020_10_08_18_35_50_298.jpg,0,1,0,30.19037
/home/mengyaowu/Desktop/github_sharing/download/collected_data4/IMG/center_2020_10_08_18_35_50_371.jpg,/home/mengyaowu/Desktop/github_sharing/download/collected_data4/IMG/left_2020_10_08_18_35_50_371.jpg,/home/mengyaowu/Desktop/github_sharing/download/collected_data4/IMG/right_2020_10_08_18_35_50_371.jpg,0.15,1,0,30.18429
/home/mengyaowu/Desktop/github_sharing/download/collected_data4/IMG/center_2020_10_08_18_35_50_439.jpg,/home/mengyaowu/Desktop/github_sharing/download/collected_data4/IMG/left_2020_10_08_18_35_50_439.jpg,/home/mengyaowu/Desktop/github_sharing/download/collected_data4/IMG/right_2020_10_08_18_35_50_439.jpg,0.3,1,0,30.16944
/home/mengyaowu/Desktop/github_sharing/download/collected_data4/IMG/center_2020_10_08_18_35_50_507.jpg,/home/mengyaowu/Desktop/github_sharing/download/collected_data4/IMG/left_2020_10_08_18_35_50_507.jpg,/home/mengyaowu/Desktop/github_sharing/download/collected_data4/IMG/right_2020_10_08_18_35_50_507.jpg,0.45,1,0,30.15162
/home/mengyaowu/Desktop/github_sharing/download/collected_data4/IMG/center_2020_10_08_18_35_50_575.jpg,/home/mengyaowu/Desktop/github_sharing/download/collected_data4/IMG/left_2020_10_08_18_35_50_575.jpg,/home/mengyaowu/Desktop/github_sharing/download/collected_data4/IMG/right_2020_10_08_18_35_50_575.jpg,0.6500001,1,0,30.12716
/home/mengyaowu/Desktop/github_sharing/download/collected_data4/IMG/center_2020_10_08_18_35_50_642.jpg,/home/mengyaowu/Desktop/github_sharing/download/collected_data4/IMG/left_2020_10_08_18_35_50_642.jpg,/home/mengyaowu/Desktop/github_sharing/download/collected_data4/IMG/right_2020_10_08_18_35_50_642.jpg,0.8000001,1,0,30.11019
/home/mengyaowu/Desktop/github_sharing/download/collected_data4/IMG/center_2020_10_08_18_35_50_709.jpg,/home/mengyaowu/Desktop/github_sharing/download/collected_data4/IMG/left_2020_10_08_18_35_50_709.jpg,/home/mengyaowu/Desktop/github_sharing/download/collected_data4/IMG/right_2020_10_08_18_35_50_709.jpg,0,1,0,30.16206
/home/mengyaowu/Desktop/github_sharing/download/collected_data4/IMG/center_2020_10_08_18_35_50_786.jpg,/home/mengyaowu/Desktop/github_sharing/download/collected_data4/IMG/left_2020_10_08_18_35_50_786.jpg,/home/mengyaowu/Desktop/github_sharing/download/collected_data4/IMG/right_2020_10_08_18_35_50_786.jpg,0,1,0,30.17913
/home/mengyaowu/Desktop/github_sharing/download/collected_data4/IMG/center_2020_10_08_18_35_50_853.jpg,/home/mengyaowu/Desktop/github_sharing/download/collected_data4/IMG/left_2020_10_08_18_35_50_853.jpg,/home/mengyaowu/Desktop/github_sharing/download/collected_data4/IMG/right_2020_10_08_18_35_50_853.jpg,0,1,0,30.18833
/home/mengyaowu/Desktop/github_sharing/download/collected_data4/IMG/center_2020_10_08_18_35_50_926.jpg,/home/mengyaowu/Desktop/github_sharing/download/collected_data4/IMG/left_2020_10_08_18_35_50_926.jpg,/home/mengyaowu/Desktop/github_sharing/download/collected_data4/IMG/right_2020_10_08_18_35_50_926.jpg,0,1,0,30.18977
/home/mengyaowu/Desktop/github_sharing/download/collected_data4/IMG/center_2020_10_08_18_35_51_000.jpg,/home/mengyaowu/Desktop/github_sharing/download/collected_data4/IMG/left_2020_10_08_18_35_51_000.jpg,/home/mengyaowu/Desktop/github_sharing/download/collected_data4/IMG/right_2020_10_08_18_35_51_000.jpg,0,0.8419514,0,30.16214
/home/mengyaowu/Desktop/github_sharing/download/collected_data4/IMG/center_2020_10_08_18_35_51_073.jpg,/home/mengyaowu/Desktop/github_sharing/download/collected_data4/IMG/left_2020_10_08_18_35_51_073.jpg,/home/mengyaowu/Desktop/github_sharing/download/collected_data4/IMG/right_2020_10_08_18_35_51_073.jpg,0,0.6216884,0,30.10658
/home/mengyaowu/Desktop/github_sharing/download/collected_data4/IMG/center_2020_10_08_18_35_51_146.jpg,/home/mengyaowu/Desktop/github_sharing/download/collected_data4/IMG/left_2020_10_08_18_35_51_146.jpg,/home/mengyaowu/Desktop/github_sharing/download/collected_data4/IMG/right_2020_10_08_18_35_51_146.jpg,0,0.4330425,0,30.05877
/home/mengyaowu/Desktop/github_sharing/download/collected_data4/IMG/center_2020_10_08_18_35_51_219.jpg,/home/mengyaowu/Desktop/github_sharing/download/collected_data4/IMG/left_2020_10_08_18_35_51_219.jpg,/home/mengyaowu/Desktop/github_sharing/download/collected_data4/IMG/right_2020_10_08_18_35_51_219.jpg,0,0.3635626,0,30.01439
/home/mengyaowu/Desktop/github_sharing/download/collected_data4/IMG/center_2020_10_08_18_35_51_295.jpg,/home/mengyaowu/Desktop/github_sharing/download/collected_data4/IMG/left_2020_10_08_18_35_51_295.jpg,/home/mengyaowu/Desktop/github_sharing/download/collected_data4/IMG/right_2020_10_08_18_35_51_295.jpg,0,0.5907464,0,30.07484
/home/mengyaowu/Desktop/github_sharing/download/collected_data4/IMG/center_2020_10_08_18_35_51_363.jpg,/home/mengyaowu/Desktop/github_sharing/download/collected_data4/IMG/left_2020_10_08_18_35_51_363.jpg,/home/mengyaowu/Desktop/github_sharing/download/collected_data4/IMG/right_2020_10_08_18_35_51_363.jpg,0,0.7629406,0,30.12565
/home/mengyaowu/Desktop/github_sharing/download/collected_data4/IMG/center_2020_10_08_18_35_51_432.jpg,/home/mengyaowu/Desktop/github_sharing/download/collected_data4/IMG/left_2020_10_08_18_35_51_432.jpg,/home/mengyaowu/Desktop/github_sharing/download/collected_data4/IMG/right_2020_10_08_18_35_51_432.jpg,0,1,0,30.18572
/home/mengyaowu/Desktop/github_sharing/download/collected_data4/IMG/center_2020_10_08_18_35_51_566.jpg,/home/mengyaowu/Desktop/github_sharing/download/collected_data4/IMG/left_2020_10_08_18_35_51_566.jpg,/home/mengyaowu/Desktop/github_sharing/download/collected_data4/IMG/right_2020_10_08_18_35_51_566.jpg,0,1,0,29.50299
/home/mengyaowu/Desktop/github_sharing/download/collected_data4/IMG/center_2020_10_08_18_37_13_248.jpg,/home/mengyaowu/Desktop/github_sharing/download/collected_data4/IMG/left_2020_10_08_18_37_13_248.jpg,/home/mengyaowu/Desktop/github_sharing/download/collected_data4/IMG/right_2020_10_08_18_37_13_248.jpg,0,1,0,30.13962
/home/mengyaowu/Desktop/github_sharing/download/collected_data4/IMG/center_2020_10_08_18_37_13_315.jpg,/home/mengyaowu/Desktop/github_sharing/download/collected_data4/IMG/left_2020_10_08_18_37_13_315.jpg,/home/mengyaowu/Desktop/github_sharing/download/collected_data4/IMG/right_2020_10_08_18_37_13_315.jpg,0,1,0,30.16735
/home/mengyaowu/Desktop/github_sharing/download/collected_data4/IMG/center_2020_10_08_18_37_13_389.jpg,/home/mengyaowu/Desktop/github_sharing/download/collected_data4/IMG/left_2020_10_08_18_37_13_389.jpg,/home/mengyaowu/Desktop/github_sharing/download/collected_data4/IMG/right_2020_10_08_18_37_13_389.jpg,0,1,0,30.17942
/home/mengyaowu/Desktop/github_sharing/download/collected_data4/IMG/center_2020_10_08_18_37_13_459.jpg,/home/mengyaowu/Desktop/github_sharing/download/collected_data4/IMG/left_2020_10_08_18_37_13_459.jpg,/home/mengyaowu/Desktop/github_sharing/download/collected_data4/IMG/right_2020_10_08_18_37_13_459.jpg,0,1,0,30.18838
/home/mengyaowu/Desktop/github_sharing/download/collected_data4/IMG/center_2020_10_08_18_37_13_529.jpg,/home/mengyaowu/Desktop/github_sharing/download/collected_data4/IMG/left_2020_10_08_18_37_13_529.jpg,/home/mengyaowu/Desktop/github_sharing/download/collected_data4/IMG/right_2020_10_08_18_37_13_529.jpg,0,1,0,30.19007
/home/mengyaowu/Desktop/github_sharing/download/collected_data4/IMG/center_2020_10_08_18_37_13_601.jpg,/home/mengyaowu/Desktop/github_sharing/download/collected_data4/IMG/left_2020_10_08_18_37_13_601.jpg,/home/mengyaowu/Desktop/github_sharing/download/collected_data4/IMG/right_2020_10_08_18_37_13_601.jpg,0.2,1,0,30.17537
/home/mengyaowu/Desktop/github_sharing/download/collected_data4/IMG/center_2020_10_08_18_37_13_673.jpg,/home/mengyaowu/Desktop/github_sharing/download/collected_data4/IMG/left_2020_10_08_18_37_13_673.jpg,/home/mengyaowu/Desktop/github_sharing/download/collected_data4/IMG/right_2020_10_08_18_37_13_673.jpg,0.4,1,0,30.15408
/home/mengyaowu/Desktop/github_sharing/download/collected_data4/IMG/center_2020_10_08_18_37_13_741.jpg,/home/mengyaowu/Desktop/github_sharing/download/collected_data4/IMG/left_2020_10_08_18_37_13_741.jpg,/home/mengyaowu/Desktop/github_sharing/download/collected_data4/IMG/right_2020_10_08_18_37_13_741.jpg,0.5500001,1,0,30.13698
/home/mengyaowu/Desktop/github_sharing/download/collected_data4/IMG/center_2020_10_08_18_37_13_817.jpg,/home/mengyaowu/Desktop/github_sharing/download/collected_data4/IMG/left_2020_10_08_18_37_13_817.jpg,/home/mengyaowu/Desktop/github_sharing/download/collected_data4/IMG/right_2020_10_08_18_37_13_817.jpg,0.7500002,1,0,30.11365
/home/mengyaowu/Desktop/github_sharing/download/collected_data4/IMG/center_2020_10_08_18_37_13_884.jpg,/home/mengyaowu/Desktop/github_sharing/download/collected_data4/IMG/left_2020_10_08_18_37_13_884.jpg,/home/mengyaowu/Desktop/github_sharing/download/collected_data4/IMG/right_2020_10_08_18_37_13_884.jpg,0.9000002,1,0,30.10042
/home/mengyaowu/Desktop/github_sharing/download/collected_data4/IMG/center_2020_10_08_18_37_13_950.jpg,/home/mengyaowu/Desktop/github_sharing/download/collected_data4/IMG/left_2020_10_08_18_37_13_950.jpg,/home/mengyaowu/Desktop/github_sharing/download/collected_data4/IMG/right_2020_10_08_18_37_13_950.jpg,1,1,0,30.09821
/home/mengyaowu/Desktop/github_sharing/download/collected_data4/IMG/center_2020_10_08_18_37_14_020.jpg,/home/mengyaowu/Desktop/github_sharing/download/collected_data4/IMG/left_2020_10_08_18_37_14_020.jpg,/home/mengyaowu/Desktop/github_sharing/download/collected_data4/IMG/right_2020_10_08_18_37_14_020.jpg,1,1,0,30.11553
/home/mengyaowu/Desktop/github_sharing/download/collected_data4/IMG/center_2020_10_08_18_37_14_093.jpg,/home/mengyaowu/Desktop/github_sharing/download/collected_data4/IMG/left_2020_10_08_18_37_14_093.jpg,/home/mengyaowu/Desktop/github_sharing/download/collected_data4/IMG/right_2020_10_08_18_37_14_093.jpg,1,0.8139763,0,30.09984
/home/mengyaowu/Desktop/github_sharing/download/collected_data4/IMG/center_2020_10_08_18_37_14_163.jpg,/home/mengyaowu/Desktop/github_sharing/download/collected_data4/IMG/left_2020_10_08_18_37_14_163.jpg,/home/mengyaowu/Desktop/github_sharing/download/collected_data4/IMG/right_2020_10_08_18_37_14_163.jpg,1,0.9364181,0,30.11789
/home/mengyaowu/Desktop/github_sharing/download/collected_data4/IMG/center_2020_10_08_18_37_14_233.jpg,/home/mengyaowu/Desktop/github_sharing/download/collected_data4/IMG/left_2020_10_08_18_37_14_233.jpg,/home/mengyaowu/Desktop/github_sharing/download/collected_data4/IMG/right_2020_10_08_18_37_14_233.jpg,1,1,0,30.15423
/home/mengyaowu/Desktop/github_sharing/download/collected_data4/IMG/center_2020_10_08_18_37_14_308.jpg,/home/mengyaowu/Desktop/github_sharing/download/collected_data4/IMG/left_2020_10_08_18_37_14_308.jpg,/home/mengyaowu/Desktop/github_sharing/download/collected_data4/IMG/right_2020_10_08_18_37_14_308.jpg,1,1,0,30.15785
/home/mengyaowu/Desktop/github_sharing/download/collected_data4/IMG/center_2020_10_08_18_37_14_382.jpg,/home/mengyaowu/Desktop/github_sharing/download/collected_data4/IMG/left_2020_10_08_18_37_14_382.jpg,/home/mengyaowu/Desktop/github_sharing/download/collected_data4/IMG/right_2020_10_08_18_37_14_382.jpg,0,1,0,30.20219
/home/mengyaowu/Desktop/github_sharing/download/collected_data4/IMG/center_2020_10_08_18_37_14_448.jpg,/home/mengyaowu/Desktop/github_sharing/download/collected_data4/IMG/left_2020_10_08_18_37_14_448.jpg,/home/mengyaowu/Desktop/github_sharing/download/collected_data4/IMG/right_2020_10_08_18_37_14_448.jpg,0,1,0,30.1558
/home/mengyaowu/Desktop/github_sharing/download/collected_data4/IMG/center_2020_10_08_18_37_14_520.jpg,/home/mengyaowu/Desktop/github_sharing/download/collected_data4/IMG/left_2020_10_08_18_37_14_520.jpg,/home/mengyaowu/Desktop/github_sharing/download/collected_data4/IMG/right_2020_10_08_18_37_14_520.jpg,0.1,1,0,30.1892
/home/mengyaowu/Desktop/github_sharing/download/collected_data4/IMG/center_2020_10_08_18_37_14_596.jpg,/home/mengyaowu/Desktop/github_sharing/download/collected_data4/IMG/left_2020_10_08_18_37_14_596.jpg,/home/mengyaowu/Desktop/github_sharing/download/collected_data4/IMG/right_2020_10_08_18_37_14_596.jpg,0.3,1,0,30.19316
/home/mengyaowu/Desktop/github_sharing/download/collected_data4/IMG/center_2020_10_08_18_37_14_665.jpg,/home/mengyaowu/Desktop/github_sharing/download/collected_data4/IMG/left_2020_10_08_18_37_14_665.jpg,/home/mengyaowu/Desktop/github_sharing/download/collected_data4/IMG/right_2020_10_08_18_37_14_665.jpg,0.45,1,0,30.17358
/home/mengyaowu/Desktop/github_sharing/download/collected_data4/IMG/center_2020_10_08_18_37_14_736.jpg,/home/mengyaowu/Desktop/github_sharing/download/collected_data4/IMG/left_2020_10_08_18_37_14_736.jpg,/home/mengyaowu/Desktop/github_sharing/download/collected_data4/IMG/right_2020_10_08_18_37_14_736.jpg,0.6500001,1,0,30.14129
/home/mengyaowu/Desktop/github_sharing/download/collected_data4/IMG/center_2020_10_08_18_37_14_810.jpg,/home/mengyaowu/Desktop/github_sharing/download/collected_data4/IMG/left_2020_10_08_18_37_14_810.jpg,/home/mengyaowu/Desktop/github_sharing/download/collected_data4/IMG/right_2020_10_08_18_37_14_810.jpg,0.8000001,1,0,30.11887
/home/mengyaowu/Desktop/github_sharing/download/collected_data4/IMG/center_2020_10_08_18_37_14_877.jpg,/home/mengyaowu/Desktop/github_sharing/download/collected_data4/IMG/left_2020_10_08_18_37_14_877.jpg,/home/mengyaowu/Desktop/github_sharing/download/collected_data4/IMG/right_2020_10_08_18_37_14_877.jpg,1,1,0,30.09707
/home/mengyaowu/Desktop/github_sharing/download/collected_data4/IMG/center_2020_10_08_18_37_14_947.jpg,/home/mengyaowu/Desktop/github_sharing/download/collected_data4/IMG/left_2020_10_08_18_37_14_947.jpg,/home/mengyaowu/Desktop/github_sharing/download/collected_data4/IMG/right_2020_10_08_18_37_14_947.jpg,1,1,0,30.11213
/home/mengyaowu/Desktop/github_sharing/download/collected_data4/IMG/center_2020_10_08_18_37_15_017.jpg,/home/mengyaowu/Desktop/github_sharing/download/collected_data4/IMG/left_2020_10_08_18_37_15_017.jpg,/home/mengyaowu/Desktop/github_sharing/download/collected_data4/IMG/right_2020_10_08_18_37_15_017.jpg,1,1,0,30.13135
/home/mengyaowu/Desktop/github_sharing/download/collected_data4/IMG/center_2020_10_08_18_37_15_087.jpg,/home/mengyaowu/Desktop/github_sharing/download/collected_data4/IMG/left_2020_10_08_18_37_15_087.jpg,/home/mengyaowu/Desktop/github_sharing/download/collected_data4/IMG/right_2020_10_08_18_37_15_087.jpg,1,1,0,30.14303
/home/mengyaowu/Desktop/github_sharing/download/collected_data4/IMG/center_2020_10_08_18_37_15_160.jpg,/home/mengyaowu/Desktop/github_sharing/download/collected_data4/IMG/left_2020_10_08_18_37_15_160.jpg,/home/mengyaowu/Desktop/github_sharing/download/collected_data4/IMG/right_2020_10_08_18_37_15_160.jpg,1,1,0,30.15269
/home/mengyaowu/Desktop/github_sharing/download/collected_data4/IMG/center_2020_10_08_18_37_15_231.jpg,/home/mengyaowu/Desktop/github_sharing/download/collected_data4/IMG/left_2020_10_08_18_37_15_231.jpg,/home/mengyaowu/Desktop/github_sharing/download/collected_data4/IMG/right_2020_10_08_18_37_15_231.jpg,1,1,0,30.15824
/home/mengyaowu/Desktop/github_sharing/download/collected_data4/IMG/center_2020_10_08_18_37_15_300.jpg,/home/mengyaowu/Desktop/github_sharing/download/collected_data4/IMG/left_2020_10_08_18_37_15_300.jpg,/home/mengyaowu/Desktop/github_sharing/download/collected_data4/IMG/right_2020_10_08_18_37_15_300.jpg,1,1,0,30.16062
/home/mengyaowu/Desktop/github_sharing/download/collected_data4/IMG/center_2020_10_08_18_37_15_371.jpg,/home/mengyaowu/Desktop/github_sharing/download/collected_data4/IMG/left_2020_10_08_18_37_15_371.jpg,/home/mengyaowu/Desktop/github_sharing/download/collected_data4/IMG/right_2020_10_08_18_37_15_371.jpg,1,1,0,30.16275
/home/mengyaowu/Desktop/github_sharing/download/collected_data4/IMG/center_2020_10_08_18_37_15_441.jpg,/home/mengyaowu/Desktop/github_sharing/download/collected_data4/IMG/left_2020_10_08_18_37_15_441.jpg,/home/mengyaowu/Desktop/github_sharing/download/collected_data4/IMG/right_2020_10_08_18_37_15_441.jpg,1,1,0,30.1637
/home/mengyaowu/Desktop/github_sharing/download/collected_data4/IMG/center_2020_10_08_18_37_15_509.jpg,/home/mengyaowu/Desktop/github_sharing/download/collected_data4/IMG/left_2020_10_08_18_37_15_509.jpg,/home/mengyaowu/Desktop/github_sharing/download/collected_data4/IMG/right_2020_10_08_18_37_15_509.jpg,0,1,0,30.14053
/home/mengyaowu/Desktop/github_sharing/download/collected_data4/IMG/center_2020_10_08_18_37_15_577.jpg,/home/mengyaowu/Desktop/github_sharing/download/collected_data4/IMG/left_2020_10_08_18_37_15_577.jpg,/home/mengyaowu/Desktop/github_sharing/download/collected_data4/IMG/right_2020_10_08_18_37_15_577.jpg,0,1,0,30.16794
/home/mengyaowu/Desktop/github_sharing/download/collected_data4/IMG/center_2020_10_08_18_37_15_654.jpg,/home/mengyaowu/Desktop/github_sharing/download/collected_data4/IMG/left_2020_10_08_18_37_15_654.jpg,/home/mengyaowu/Desktop/github_sharing/download/collected_data4/IMG/right_2020_10_08_18_37_15_654.jpg,0,1,0,30.18151
/home/mengyaowu/Desktop/github_sharing/download/collected_data4/IMG/center_2020_10_08_18_37_15_728.jpg,/home/mengyaowu/Desktop/github_sharing/download/collected_data4/IMG/left_2020_10_08_18_37_15_728.jpg,/home/mengyaowu/Desktop/github_sharing/download/collected_data4/IMG/right_2020_10_08_18_37_15_728.jpg,0,1,0,30.18847
/home/mengyaowu/Desktop/github_sharing/download/collected_data4/IMG/center_2020_10_08_18_37_15_802.jpg,/home/mengyaowu/Desktop/github_sharing/download/collected_data4/IMG/left_2020_10_08_18_37_15_802.jpg,/home/mengyaowu/Desktop/github_sharing/download/collected_data4/IMG/right_2020_10_08_18_37_15_802.jpg,0,1,0,30.19038
/home/mengyaowu/Desktop/github_sharing/download/collected_data4/IMG/center_2020_10_08_18_37_15_874.jpg,/home/mengyaowu/Desktop/github_sharing/download/collected_data4/IMG/left_2020_10_08_18_37_15_874.jpg,/home/mengyaowu/Desktop/github_sharing/download/collected_data4/IMG/right_2020_10_08_18_37_15_874.jpg,0,1,0,30.19021
/home/mengyaowu/Desktop/github_sharing/download/collected_data4/IMG/center_2020_10_08_18_37_15_945.jpg,/home/mengyaowu/Desktop/github_sharing/download/collected_data4/IMG/left_2020_10_08_18_37_15_945.jpg,/home/mengyaowu/Desktop/github_sharing/download/collected_data4/IMG/right_2020_10_08_18_37_15_945.jpg,0,1,0,30.19031
/home/mengyaowu/Desktop/github_sharing/download/collected_data4/IMG/center_2020_10_08_18_37_16_048.jpg,/home/mengyaowu/Desktop/github_sharing/download/collected_data4/IMG/left_2020_10_08_18_37_16_048.jpg,/home/mengyaowu/Desktop/github_sharing/download/collected_data4/IMG/right_2020_10_08_18_37_16_048.jpg,0,1,0,28.43486
/home/mengyaowu/Desktop/github_sharing/download/collected_data4/IMG/center_2020_10_08_18_38_03_601.jpg,/home/mengyaowu/Desktop/github_sharing/download/collected_data4/IMG/left_2020_10_08_18_38_03_601.jpg,/home/mengyaowu/Desktop/github_sharing/download/collected_data4/IMG/right_2020_10_08_18_38_03_601.jpg,0,1,0,24.90741
/home/mengyaowu/Desktop/github_sharing/download/collected_data4/IMG/center_2020_10_08_18_38_03_676.jpg,/home/mengyaowu/Desktop/github_sharing/download/collected_data4/IMG/left_2020_10_08_18_38_03_676.jpg,/home/mengyaowu/Desktop/github_sharing/download/collected_data4/IMG/right_2020_10_08_18_38_03_676.jpg,0,1,0,25.31323
/home/mengyaowu/Desktop/github_sharing/download/collected_data4/IMG/center_2020_10_08_18_38_03_747.jpg,/home/mengyaowu/Desktop/github_sharing/download/collected_data4/IMG/left_2020_10_08_18_38_03_747.jpg,/home/mengyaowu/Desktop/github_sharing/download/collected_data4/IMG/right_2020_10_08_18_38_03_747.jpg,0,1,0,25.89686
/home/mengyaowu/Desktop/github_sharing/download/collected_data4/IMG/center_2020_10_08_18_38_03_816.jpg,/home/mengyaowu/Desktop/github_sharing/download/collected_data4/IMG/left_2020_10_08_18_38_03_816.jpg,/home/mengyaowu/Desktop/github_sharing/download/collected_data4/IMG/right_2020_10_08_18_38_03_816.jpg,0.1,1,0,26.29608
/home/mengyaowu/Desktop/github_sharing/download/collected_data4/IMG/center_2020_10_08_18_38_03_893.jpg,/home/mengyaowu/Desktop/github_sharing/download/collected_data4/IMG/left_2020_10_08_18_38_03_893.jpg,/home/mengyaowu/Desktop/github_sharing/download/collected_data4/IMG/right_2020_10_08_18_38_03_893.jpg,0.3,1,0,26.69615
/home/mengyaowu/Desktop/github_sharing/download/collected_data4/IMG/center_2020_10_08_18_38_03_970.jpg,/home/mengyaowu/Desktop/github_sharing/download/collected_data4/IMG/left_2020_10_08_18_38_03_970.jpg,/home/mengyaowu/Desktop/github_sharing/download/collected_data4/IMG/right_2020_10_08_18_38_03_970.jpg,0.5000001,1,0,27.37988
/home/mengyaowu/Desktop/github_sharing/download/collected_data4/IMG/center_2020_10_08_18_38_04_038.jpg,/home/mengyaowu/Desktop/github_sharing/download/collected_data4/IMG/left_2020_10_08_18_38_04_038.jpg,/home/mengyaowu/Desktop/github_sharing/download/collected_data4/IMG/right_2020_10_08_18_38_04_038.jpg,0.7,1,0,27.75321
/home/mengyaowu/Desktop/github_sharing/download/collected_data4/IMG/center_2020_10_08_18_38_04_109.jpg,/home/mengyaowu/Desktop/github_sharing/download/collected_data4/IMG/left_2020_10_08_18_38_04_109.jpg,/home/mengyaowu/Desktop/github_sharing/download/collected_data4/IMG/right_2020_10_08_18_38_04_109.jpg,0.8500001,1,0,27.9
/home/mengyaowu/Desktop/github_sharing/download/collected_data4/IMG/center_2020_10_08_18_38_04_190.jpg,/home/mengyaowu/Desktop/github_sharing/download/collected_data4/IMG/left_2020_10_08_18_38_04_190.jpg,/home/mengyaowu/Desktop/github_sharing/download/collected_data4/IMG/right_2020_10_08_18_38_04_190.jpg,1,1,0,28.3914
/home/mengyaowu/Desktop/github_sharing/download/collected_data4/IMG/center_2020_10_08_18_38_04_263.jpg,/home/mengyaowu/Desktop/github_sharing/download/collected_data4/IMG/left_2020_10_08_18_38_04_263.jpg,/home/mengyaowu/Desktop/github_sharing/download/collected_data4/IMG/right_2020_10_08_18_38_04_263.jpg,1,1,0,28.93418
/home/mengyaowu/Desktop/github_sharing/download/collected_data4/IMG/center_2020_10_08_18_38_04_339.jpg,/home/mengyaowu/Desktop/github_sharing/download/collected_data4/IMG/left_2020_10_08_18_38_04_339.jpg,/home/mengyaowu/Desktop/github_sharing/download/collected_data4/IMG/right_2020_10_08_18_38_04_339.jpg,0,1,0,29.43443
/home/mengyaowu/Desktop/github_sharing/download/collected_data4/IMG/center_2020_10_08_18_38_04_414.jpg,/home/mengyaowu/Desktop/github_sharing/download/collected_data4/IMG/left_2020_10_08_18_38_04_414.jpg,/home/mengyaowu/Desktop/github_sharing/download/collected_data4/IMG/right_2020_10_08_18_38_04_414.jpg,0,1,0,29.83671
/home/mengyaowu/Desktop/github_sharing/download/collected_data4/IMG/center_2020_10_08_18_38_04_490.jpg,/home/mengyaowu/Desktop/github_sharing/download/collected_data4/IMG/left_2020_10_08_18_38_04_490.jpg,/home/mengyaowu/Desktop/github_sharing/download/collected_data4/IMG/right_2020_10_08_18_38_04_490.jpg,0,1,0,30.19514
/home/mengyaowu/Desktop/github_sharing/download/collected_data4/IMG/center_2020_10_08_18_38_04_562.jpg,/home/mengyaowu/Desktop/github_sharing/download/collected_data4/IMG/left_2020_10_08_18_38_04_562.jpg,/home/mengyaowu/Desktop/github_sharing/download/collected_data4/IMG/right_2020_10_08_18_38_04_562.jpg,0,1,0,30.18977
/home/mengyaowu/Desktop/github_sharing/download/collected_data4/IMG/center_2020_10_08_18_38_04_633.jpg,/home/mengyaowu/Desktop/github_sharing/download/collected_data4/IMG/left_2020_10_08_18_38_04_633.jpg,/home/mengyaowu/Desktop/github_sharing/download/collected_data4/IMG/right_2020_10_08_18_38_04_633.jpg,0,1,0,30.18955
/home/mengyaowu/Desktop/github_sharing/download/collected_data4/IMG/center_2020_10_08_18_38_04_705.jpg,/home/mengyaowu/Desktop/github_sharing/download/collected_data4/IMG/left_2020_10_08_18_38_04_705.jpg,/home/mengyaowu/Desktop/github_sharing/download/collected_data4/IMG/right_2020_10_08_18_38_04_705.jpg,0,1,0,30.18959
/home/mengyaowu/Desktop/github_sharing/download/collected_data4/IMG/center_2020_10_08_18_38_04_775.jpg,/home/mengyaowu/Desktop/github_sharing/download/collected_data4/IMG/left_2020_10_08_18_38_04_775.jpg,/home/mengyaowu/Desktop/github_sharing/download/collected_data4/IMG/right_2020_10_08_18_38_04_775.jpg,0,1,0,30.18975
/home/mengyaowu/Desktop/github_sharing/download/collected_data4/IMG/center_2020_10_08_18_38_04_848.jpg,/home/mengyaowu/Desktop/github_sharing/download/collected_data4/IMG/left_2020_10_08_18_38_04_848.jpg,/home/mengyaowu/Desktop/github_sharing/download/collected_data4/IMG/right_2020_10_08_18_38_04_848.jpg,0,1,0,30.19025
/home/mengyaowu/Desktop/github_sharing/download/collected_data4/IMG/center_2020_10_08_18_38_04_917.jpg,/home/mengyaowu/Desktop/github_sharing/download/collected_data4/IMG/left_2020_10_08_18_38_04_917.jpg,/home/mengyaowu/Desktop/github_sharing/download/collected_data4/IMG/right_2020_10_08_18_38_04_917.jpg,0,1,0,30.19008
/home/mengyaowu/Desktop/github_sharing/download/collected_data4/IMG/center_2020_10_08_18_38_04_991.jpg,/home/mengyaowu/Desktop/github_sharing/download/collected_data4/IMG/left_2020_10_08_18_38_04_991.jpg,/home/mengyaowu/Desktop/github_sharing/download/collected_data4/IMG/right_2020_10_08_18_38_04_991.jpg,0,1,0,30.19015
/home/mengyaowu/Desktop/github_sharing/download/collected_data4/IMG/center_2020_10_08_18_38_05_061.jpg,/home/mengyaowu/Desktop/github_sharing/download/collected_data4/IMG/left_2020_10_08_18_38_05_061.jpg,/home/mengyaowu/Desktop/github_sharing/download/collected_data4/IMG/right_2020_10_08_18_38_05_061.jpg,0,1,0,30.19025
/home/mengyaowu/Desktop/github_sharing/download/collected_data4/IMG/center_2020_10_08_18_38_05_130.jpg,/home/mengyaowu/Desktop/github_sharing/download/collected_data4/IMG/left_2020_10_08_18_38_05_130.jpg,/home/mengyaowu/Desktop/github_sharing/download/collected_data4/IMG/right_2020_10_08_18_38_05_130.jpg,0,1,0,30.19036
/home/mengyaowu/Desktop/github_sharing/download/collected_data4/IMG/center_2020_10_08_18_38_05_198.jpg,/home/mengyaowu/Desktop/github_sharing/download/collected_data4/IMG/left_2020_10_08_18_38_05_198.jpg,/home/mengyaowu/Desktop/github_sharing/download/collected_data4/IMG/right_2020_10_08_18_38_05_198.jpg,0,1,0,30.19027
/home/mengyaowu/Desktop/github_sharing/download/collected_data4/IMG/center_2020_10_08_18_38_05_266.jpg,/home/mengyaowu/Desktop/github_sharing/download/collected_data4/IMG/left_2020_10_08_18_38_05_266.jpg,/home/mengyaowu/Desktop/github_sharing/download/collected_data4/IMG/right_2020_10_08_18_38_05_266.jpg,0,1,0,30.19027
/home/mengyaowu/Desktop/github_sharing/download/collected_data4/IMG/center_2020_10_08_18_38_05_334.jpg,/home/mengyaowu/Desktop/github_sharing/download/collected_data4/IMG/left_2020_10_08_18_38_05_334.jpg,/home/mengyaowu/Desktop/github_sharing/download/collected_data4/IMG/right_2020_10_08_18_38_05_334.jpg,-0.15,1,0,30.18429
/home/mengyaowu/Desktop/github_sharing/download/collected_data4/IMG/center_2020_10_08_18_38_05_408.jpg,/home/mengyaowu/Desktop/github_sharing/download/collected_data4/IMG/left_2020_10_08_18_38_05_408.jpg,/home/mengyaowu/Desktop/github_sharing/download/collected_data4/IMG/right_2020_10_08_18_38_05_408.jpg,0,1,0,30.18963
/home/mengyaowu/Desktop/github_sharing/download/collected_data4/IMG/center_2020_10_08_18_38_05_482.jpg,/home/mengyaowu/Desktop/github_sharing/download/collected_data4/IMG/left_2020_10_08_18_38_05_482.jpg,/home/mengyaowu/Desktop/github_sharing/download/collected_data4/IMG/right_2020_10_08_18_38_05_482.jpg,0,1,0,30.19022
/home/mengyaowu/Desktop/github_sharing/download/collected_data4/IMG/center_2020_10_08_18_38_05_554.jpg,/home/mengyaowu/Desktop/github_sharing/download/collected_data4/IMG/left_2020_10_08_18_38_05_554.jpg,/home/mengyaowu/Desktop/github_sharing/download/collected_data4/IMG/right_2020_10_08_18_38_05_554.jpg,0,1,0,30.19034
/home/mengyaowu/Desktop/github_sharing/download/collected_data4/IMG/center_2020_10_08_18_38_05_624.jpg,/home/mengyaowu/Desktop/github_sharing/download/collected_data4/IMG/left_2020_10_08_18_38_05_624.jpg,/home/mengyaowu/Desktop/github_sharing/download/collected_data4/IMG/right_2020_10_08_18_38_05_624.jpg,0,1,0,30.19012
/home/mengyaowu/Desktop/github_sharing/download/collected_data4/IMG/center_2020_10_08_18_38_05_696.jpg,/home/mengyaowu/Desktop/github_sharing/download/collected_data4/IMG/left_2020_10_08_18_38_05_696.jpg,/home/mengyaowu/Desktop/github_sharing/download/collected_data4/IMG/right_2020_10_08_18_38_05_696.jpg,0,1,0,30.19032
/home/mengyaowu/Desktop/github_sharing/download/collected_data4/IMG/center_2020_10_08_18_38_05_768.jpg,/home/mengyaowu/Desktop/github_sharing/download/collected_data4/IMG/left_2020_10_08_18_38_05_768.jpg,/home/mengyaowu/Desktop/github_sharing/download/collected_data4/IMG/right_2020_10_08_18_38_05_768.jpg,0,1,0,30.19025
/home/mengyaowu/Desktop/github_sharing/download/collected_data4/IMG/center_2020_10_08_18_38_05_836.jpg,/home/mengyaowu/Desktop/github_sharing/download/collected_data4/IMG/left_2020_10_08_18_38_05_836.jpg,/home/mengyaowu/Desktop/github_sharing/download/collected_data4/IMG/right_2020_10_08_18_38_05_836.jpg,0,1,0,30.19031
/home/mengyaowu/Desktop/github_sharing/download/collected_data4/IMG/center_2020_10_08_18_38_05_904.jpg,/home/mengyaowu/Desktop/github_sharing/download/collected_data4/IMG/left_2020_10_08_18_38_05_904.jpg,/home/mengyaowu/Desktop/github_sharing/download/collected_data4/IMG/right_2020_10_08_18_38_05_904.jpg,0,1,0,30.1903
/home/mengyaowu/Desktop/github_sharing/download/collected_data4/IMG/center_2020_10_08_18_38_05_975.jpg,/home/mengyaowu/Desktop/github_sharing/download/collected_data4/IMG/left_2020_10_08_18_38_05_975.jpg,/home/mengyaowu/Desktop/github_sharing/download/collected_data4/IMG/right_2020_10_08_18_38_05_975.jpg,0,1,0,30.19035
/home/mengyaowu/Desktop/github_sharing/download/collected_data4/IMG/center_2020_10_08_18_38_06_047.jpg,/home/mengyaowu/Desktop/github_sharing/download/collected_data4/IMG/left_2020_10_08_18_38_06_047.jpg,/home/mengyaowu/Desktop/github_sharing/download/collected_data4/IMG/right_2020_10_08_18_38_06_047.jpg,0,1,0,30.19029
/home/mengyaowu/Desktop/github_sharing/download/collected_data4/IMG/center_2020_10_08_18_38_06_116.jpg,/home/mengyaowu/Desktop/github_sharing/download/collected_data4/IMG/left_2020_10_08_18_38_06_116.jpg,/home/mengyaowu/Desktop/github_sharing/download/collected_data4/IMG/right_2020_10_08_18_38_06_116.jpg,0,1,0,30.19023
/home/mengyaowu/Desktop/github_sharing/download/collected_data4/IMG/center_2020_10_08_18_38_06_184.jpg,/home/mengyaowu/Desktop/github_sharing/download/collected_data4/IMG/left_2020_10_08_18_38_06_184.jpg,/home/mengyaowu/Desktop/github_sharing/download/collected_data4/IMG/right_2020_10_08_18_38_06_184.jpg,0,1,0,30.19032
/home/mengyaowu/Desktop/github_sharing/download/collected_data4/IMG/center_2020_10_08_18_38_06_252.jpg,/home/mengyaowu/Desktop/github_sharing/download/collected_data4/IMG/left_2020_10_08_18_38_06_252.jpg,/home/mengyaowu/Desktop/github_sharing/download/collected_data4/IMG/right_2020_10_08_18_38_06_252.jpg,0,1,0,30.19031
/home/mengyaowu/Desktop/github_sharing/download/collected_data4/IMG/center_2020_10_08_18_38_06_326.jpg,/home/mengyaowu/Desktop/github_sharing/download/collected_data4/IMG/left_2020_10_08_18_38_06_326.jpg,/home/mengyaowu/Desktop/github_sharing/download/collected_data4/IMG/right_2020_10_08_18_38_06_326.jpg,0,1,0,30.19049
/home/mengyaowu/Desktop/github_sharing/download/collected_data4/IMG/center_2020_10_08_18_38_06_393.jpg,/home/mengyaowu/Desktop/github_sharing/download/collected_data4/IMG/left_2020_10_08_18_38_06_393.jpg,/home/mengyaowu/Desktop/github_sharing/download/collected_data4/IMG/right_2020_10_08_18_38_06_393.jpg,0,1,0,30.19038
/home/mengyaowu/Desktop/github_sharing/download/collected_data4/IMG/center_2020_10_08_18_38_06_465.jpg,/home/mengyaowu/Desktop/github_sharing/download/collected_data4/IMG/left_2020_10_08_18_38_06_465.jpg,/home/mengyaowu/Desktop/github_sharing/download/collected_data4/IMG/right_2020_10_08_18_38_06_465.jpg,0,1,0,30.19028
/home/mengyaowu/Desktop/github_sharing/download/collected_data4/IMG/center_2020_10_08_18_38_06_532.jpg,/home/mengyaowu/Desktop/github_sharing/download/collected_data4/IMG/left_2020_10_08_18_38_06_532.jpg,/home/mengyaowu/Desktop/github_sharing/download/collected_data4/IMG/right_2020_10_08_18_38_06_532.jpg,0,1,0,30.19013
/home/mengyaowu/Desktop/github_sharing/download/collected_data4/IMG/center_2020_10_08_18_38_06_606.jpg,/home/mengyaowu/Desktop/github_sharing/download/collected_data4/IMG/left_2020_10_08_18_38_06_606.jpg,/home/mengyaowu/Desktop/github_sharing/download/collected_data4/IMG/right_2020_10_08_18_38_06_606.jpg,0,1,0,30.19036
/home/mengyaowu/Desktop/github_sharing/download/collected_data4/IMG/center_2020_10_08_18_38_06_677.jpg,/home/mengyaowu/Desktop/github_sharing/download/collected_data4/IMG/left_2020_10_08_18_38_06_677.jpg,/home/mengyaowu/Desktop/github_sharing/download/collected_data4/IMG/right_2020_10_08_18_38_06_677.jpg,0,1,0,30.19028
/home/mengyaowu/Desktop/github_sharing/download/collected_data4/IMG/center_2020_10_08_18_38_06_746.jpg,/home/mengyaowu/Desktop/github_sharing/download/collected_data4/IMG/left_2020_10_08_18_38_06_746.jpg,/home/mengyaowu/Desktop/github_sharing/download/collected_data4/IMG/right_2020_10_08_18_38_06_746.jpg,0.1,1,0,30.18779
/home/mengyaowu/Desktop/github_sharing/download/collected_data4/IMG/center_2020_10_08_18_38_06_815.jpg,/home/mengyaowu/Desktop/github_sharing/download/collected_data4/IMG/left_2020_10_08_18_38_06_815.jpg,/home/mengyaowu/Desktop/github_sharing/download/collected_data4/IMG/right_2020_10_08_18_38_06_815.jpg,0.25,1,0,30.17479
/home/mengyaowu/Desktop/github_sharing/download/collected_data4/IMG/center_2020_10_08_18_38_06_885.jpg,/home/mengyaowu/Desktop/github_sharing/download/collected_data4/IMG/left_2020_10_08_18_38_06_885.jpg,/home/mengyaowu/Desktop/github_sharing/download/collected_data4/IMG/right_2020_10_08_18_38_06_885.jpg,0.45,1,0,30.15148
/home/mengyaowu/Desktop/github_sharing/download/collected_data4/IMG/center_2020_10_08_18_38_06_953.jpg,/home/mengyaowu/Desktop/github_sharing/download/collected_data4/IMG/left_2020_10_08_18_38_06_953.jpg,/home/mengyaowu/Desktop/github_sharing/download/collected_data4/IMG/right_2020_10_08_18_38_06_953.jpg,0.6000001,1,0,30.1331
/home/mengyaowu/Desktop/github_sharing/download/collected_data4/IMG/center_2020_10_08_18_38_07_022.jpg,/home/mengyaowu/Desktop/github_sharing/download/collected_data4/IMG/left_2020_10_08_18_38_07_022.jpg,/home/mengyaowu/Desktop/github_sharing/download/collected_data4/IMG/right_2020_10_08_18_38_07_022.jpg,0.8000001,1,0,30.11019
/home/mengyaowu/Desktop/github_sharing/download/collected_data4/IMG/center_2020_10_08_18_38_07_089.jpg,/home/mengyaowu/Desktop/github_sharing/download/collected_data4/IMG/left_2020_10_08_18_38_07_089.jpg,/home/mengyaowu/Desktop/github_sharing/download/collected_data4/IMG/right_2020_10_08_18_38_07_089.jpg,0.9500002,1,0,30.09714
/home/mengyaowu/Desktop/github_sharing/download/collected_data4/IMG/center_2020_10_08_18_38_07_155.jpg,/home/mengyaowu/Desktop/github_sharing/download/collected_data4/IMG/left_2020_10_08_18_38_07_155.jpg,/home/mengyaowu/Desktop/github_sharing/download/collected_data4/IMG/right_2020_10_08_18_38_07_155.jpg,0,1,0,30.18066
/home/mengyaowu/Desktop/github_sharing/download/collected_data4/IMG/center_2020_10_08_18_38_07_224.jpg,/home/mengyaowu/Desktop/github_sharing/download/collected_data4/IMG/left_2020_10_08_18_38_07_224.jpg,/home/mengyaowu/Desktop/github_sharing/download/collected_data4/IMG/right_2020_10_08_18_38_07_224.jpg,0,1,0,30.32443
/home/mengyaowu/Desktop/github_sharing/download/collected_data4/IMG/center_2020_10_08_18_38_07_295.jpg,/home/mengyaowu/Desktop/github_sharing/download/collected_data4/IMG/left_2020_10_08_18_38_07_295.jpg,/home/mengyaowu/Desktop/github_sharing/download/collected_data4/IMG/right_2020_10_08_18_38_07_295.jpg,0,1,0,30.16907
/home/mengyaowu/Desktop/github_sharing/download/collected_data4/IMG/center_2020_10_08_18_38_07_365.jpg,/home/mengyaowu/Desktop/github_sharing/download/collected_data4/IMG/left_2020_10_08_18_38_07_365.jpg,/home/mengyaowu/Desktop/github_sharing/download/collected_data4/IMG/right_2020_10_08_18_38_07_365.jpg,0,1,0,29.67696
/home/mengyaowu/Desktop/github_sharing/download/collected_data4/IMG/center_2020_10_08_18_38_07_481.jpg,/home/mengyaowu/Desktop/github_sharing/download/collected_data4/IMG/left_2020_10_08_18_38_07_481.jpg,/home/mengyaowu/Desktop/github_sharing/download/collected_data4/IMG/right_2020_10_08_18_38_07_481.jpg,0,1,0,29.55663
/home/mengyaowu/Desktop/github_sharing/download/collected_data4/IMG/center_2020_10_08_18_38_26_198.jpg,/home/mengyaowu/Desktop/github_sharing/download/collected_data4/IMG/left_2020_10_08_18_38_26_198.jpg,/home/mengyaowu/Desktop/github_sharing/download/collected_data4/IMG/right_2020_10_08_18_38_26_198.jpg,0,1,0,23.56926
/home/mengyaowu/Desktop/github_sharing/download/collected_data4/IMG/center_2020_10_08_18_38_26_269.jpg,/home/mengyaowu/Desktop/github_sharing/download/collected_data4/IMG/left_2020_10_08_18_38_26_269.jpg,/home/mengyaowu/Desktop/github_sharing/download/collected_data4/IMG/right_2020_10_08_18_38_26_269.jpg,0,1,0,23.83255
/home/mengyaowu/Desktop/github_sharing/download/collected_data4/IMG/center_2020_10_08_18_38_26_341.jpg,/home/mengyaowu/Desktop/github_sharing/download/collected_data4/IMG/left_2020_10_08_18_38_26_341.jpg,/home/mengyaowu/Desktop/github_sharing/download/collected_data4/IMG/right_2020_10_08_18_38_26_341.jpg,0,1,0,24.20005
/home/mengyaowu/Desktop/github_sharing/download/collected_data4/IMG/center_2020_10_08_18_38_26_414.jpg,/home/mengyaowu/Desktop/github_sharing/download/collected_data4/IMG/left_2020_10_08_18_38_26_414.jpg,/home/mengyaowu/Desktop/github_sharing/download/collected_data4/IMG/right_2020_10_08_18_38_26_414.jpg,0.05,1,0,24.59971
/home/mengyaowu/Desktop/github_sharing/download/collected_data4/IMG/center_2020_10_08_18_38_26_484.jpg,/home/mengyaowu/Desktop/github_sharing/download/collected_data4/IMG/left_2020_10_08_18_38_26_484.jpg,/home/mengyaowu/Desktop/github_sharing/download/collected_data4/IMG/right_2020_10_08_18_38_26_484.jpg,0.25,1,0,24.91089
/home/mengyaowu/Desktop/github_sharing/download/collected_data4/IMG/center_2020_10_08_18_38_26_557.jpg,/home/mengyaowu/Desktop/github_sharing/download/collected_data4/IMG/left_2020_10_08_18_38_26_557.jpg,/home/mengyaowu/Desktop/github_sharing/download/collected_data4/IMG/right_2020_10_08_18_38_26_557.jpg,0.45,1,0,25.19763
/home/mengyaowu/Desktop/github_sharing/download/collected_data4/IMG/center_2020_10_08_18_38_26_632.jpg,/home/mengyaowu/Desktop/github_sharing/download/collected_data4/IMG/left_2020_10_08_18_38_26_632.jpg,/home/mengyaowu/Desktop/github_sharing/download/collected_data4/IMG/right_2020_10_08_18_38_26_632.jpg,0.6000001,1,0,25.41573
/home/mengyaowu/Desktop/github_sharing/download/collected_data4/IMG/center_2020_10_08_18_38_26_704.jpg,/home/mengyaowu/Desktop/github_sharing/download/collected_data4/IMG/left_2020_10_08_18_38_26_704.jpg,/home/mengyaowu/Desktop/github_sharing/download/collected_data4/IMG/right_2020_10_08_18_38_26_704.jpg,0.8000001,1,0,25.62663
/home/mengyaowu/Desktop/github_sharing/download/collected_data4/IMG/center_2020_10_08_18_38_26_782.jpg,/home/mengyaowu/Desktop/github_sharing/download/collected_data4/IMG/left_2020_10_08_18_38_26_782.jpg,/home/mengyaowu/Desktop/github_sharing/download/collected_data4/IMG/right_2020_10_08_18_38_26_782.jpg,1,1,0,25.67612
/home/mengyaowu/Desktop/github_sharing/download/collected_data4/IMG/center_2020_10_08_18_38_26_863.jpg,/home/mengyaowu/Desktop/github_sharing/download/collected_data4/IMG/left_2020_10_08_18_38_26_863.jpg,/home/mengyaowu/Desktop/github_sharing/download/collected_data4/IMG/right_2020_10_08_18_38_26_863.jpg,1,1,0,25.92797
/home/mengyaowu/Desktop/github_sharing/download/collected_data4/IMG/center_2020_10_08_18_38_26_938.jpg,/home/mengyaowu/Desktop/github_sharing/download/collected_data4/IMG/left_2020_10_08_18_38_26_938.jpg,/home/mengyaowu/Desktop/github_sharing/download/collected_data4/IMG/right_2020_10_08_18_38_26_938.jpg,1,1,0,26.21938
/home/mengyaowu/Desktop/github_sharing/download/collected_data4/IMG/center_2020_10_08_18_38_27_016.jpg,/home/mengyaowu/Desktop/github_sharing/download/collected_data4/IMG/left_2020_10_08_18_38_27_016.jpg,/home/mengyaowu/Desktop/github_sharing/download/collected_data4/IMG/right_2020_10_08_18_38_27_016.jpg,1,1,0,26.39541
/home/mengyaowu/Desktop/github_sharing/download/collected_data4/IMG/center_2020_10_08_18_38_27_088.jpg,/home/mengyaowu/Desktop/github_sharing/download/collected_data4/IMG/left_2020_10_08_18_38_27_088.jpg,/home/mengyaowu/Desktop/github_sharing/download/collected_data4/IMG/right_2020_10_08_18_38_27_088.jpg,0,1,0,26.8373
/home/mengyaowu/Desktop/github_sharing/download/collected_data4/IMG/center_2020_10_08_18_38_27_161.jpg,/home/mengyaowu/Desktop/github_sharing/download/collected_data4/IMG/left_2020_10_08_18_38_27_161.jpg,/home/mengyaowu/Desktop/github_sharing/download/collected_data4/IMG/right_2020_10_08_18_38_27_161.jpg,0,1,0,27.03575
/home/mengyaowu/Desktop/github_sharing/download/collected_data4/IMG/center_2020_10_08_18_38_27_241.jpg,/home/mengyaowu/Desktop/github_sharing/download/collected_data4/IMG/left_2020_10_08_18_38_27_241.jpg,/home/mengyaowu/Desktop/github_sharing/download/collected_data4/IMG/right_2020_10_08_18_38_27_241.jpg,0,1,0,27.28425
/home/mengyaowu/Desktop/github_sharing/download/collected_data4/IMG/center_2020_10_08_18_38_27_316.jpg,/home/mengyaowu/Desktop/github_sharing/download/collected_data4/IMG/left_2020_10_08_18_38_27_316.jpg,/home/mengyaowu/Desktop/github_sharing/download/collected_data4/IMG/right_2020_10_08_18_38_27_316.jpg,0,1,0,28.1405
/home/mengyaowu/Desktop/github_sharing/download/collected_data4/IMG/center_2020_10_08_18_38_27_384.jpg,/home/mengyaowu/Desktop/github_sharing/download/collected_data4/IMG/left_2020_10_08_18_38_27_384.jpg,/home/mengyaowu/Desktop/github_sharing/download/collected_data4/IMG/right_2020_10_08_18_38_27_384.jpg,0,1,0,28.47118
/home/mengyaowu/Desktop/github_sharing/download/collected_data4/IMG/center_2020_10_08_18_38_27_464.jpg,/home/mengyaowu/Desktop/github_sharing/download/collected_data4/IMG/left_2020_10_08_18_38_27_464.jpg,/home/mengyaowu/Desktop/github_sharing/download/collected_data4/IMG/right_2020_10_08_18_38_27_464.jpg,0,1,0,29.15792
/home/mengyaowu/Desktop/github_sharing/download/collected_data4/IMG/center_2020_10_08_18_38_27_530.jpg,/home/mengyaowu/Desktop/github_sharing/download/collected_data4/IMG/left_2020_10_08_18_38_27_530.jpg,/home/mengyaowu/Desktop/github_sharing/download/collected_data4/IMG/right_2020_10_08_18_38_27_530.jpg,0,1,0,29.70244
/home/mengyaowu/Desktop/github_sharing/download/collected_data4/IMG/center_2020_10_08_18_38_27_597.jpg,/home/mengyaowu/Desktop/github_sharing/download/collected_data4/IMG/left_2020_10_08_18_38_27_597.jpg,/home/mengyaowu/Desktop/github_sharing/download/collected_data4/IMG/right_2020_10_08_18_38_27_597.jpg,0,1,0,30.03381
/home/mengyaowu/Desktop/github_sharing/download/collected_data4/IMG/center_2020_10_08_18_38_27_671.jpg,/home/mengyaowu/Desktop/github_sharing/download/collected_data4/IMG/left_2020_10_08_18_38_27_671.jpg,/home/mengyaowu/Desktop/github_sharing/download/collected_data4/IMG/right_2020_10_08_18_38_27_671.jpg,-0.05,1,0,30.40562
/home/mengyaowu/Desktop/github_sharing/download/collected_data4/IMG/center_2020_10_08_18_38_27_734.jpg,/home/mengyaowu/Desktop/github_sharing/download/collected_data4/IMG/left_2020_10_08_18_38_27_734.jpg,/home/mengyaowu/Desktop/github_sharing/download/collected_data4/IMG/right_2020_10_08_18_38_27_734.jpg,-0.2,1,0,30.18618
/home/mengyaowu/Desktop/github_sharing/download/collected_data4/IMG/center_2020_10_08_18_38_27_810.jpg,/home/mengyaowu/Desktop/github_sharing/download/collected_data4/IMG/left_2020_10_08_18_38_27_810.jpg,/home/mengyaowu/Desktop/github_sharing/download/collected_data4/IMG/right_2020_10_08_18_38_27_810.jpg,-0.4,1,0,30.03769
/home/mengyaowu/Desktop/github_sharing/download/collected_data4/IMG/center_2020_10_08_18_38_27_892.jpg,/home/mengyaowu/Desktop/github_sharing/download/collected_data4/IMG/left_2020_10_08_18_38_27_892.jpg,/home/mengyaowu/Desktop/github_sharing/download/collected_data4/IMG/right_2020_10_08_18_38_27_892.jpg,0,1,0,30.36676
/home/mengyaowu/Desktop/github_sharing/download/collected_data4/IMG/center_2020_10_08_18_38_27_963.jpg,/home/mengyaowu/Desktop/github_sharing/download/collected_data4/IMG/left_2020_10_08_18_38_27_963.jpg,/home/mengyaowu/Desktop/github_sharing/download/collected_data4/IMG/right_2020_10_08_18_38_27_963.jpg,0,1,0,30.18633
/home/mengyaowu/Desktop/github_sharing/download/collected_data4/IMG/center_2020_10_08_18_38_28_036.jpg,/home/mengyaowu/Desktop/github_sharing/download/collected_data4/IMG/left_2020_10_08_18_38_28_036.jpg,/home/mengyaowu/Desktop/github_sharing/download/collected_data4/IMG/right_2020_10_08_18_38_28_036.jpg,0,1,0,30.18901
/home/mengyaowu/Desktop/github_sharing/download/collected_data4/IMG/center_2020_10_08_18_38_28_108.jpg,/home/mengyaowu/Desktop/github_sharing/download/collected_data4/IMG/left_2020_10_08_18_38_28_108.jpg,/home/mengyaowu/Desktop/github_sharing/download/collected_data4/IMG/right_2020_10_08_18_38_28_108.jpg,0,1,0,30.18956
/home/mengyaowu/Desktop/github_sharing/download/collected_data4/IMG/center_2020_10_08_18_38_28_180.jpg,/home/mengyaowu/Desktop/github_sharing/download/collected_data4/IMG/left_2020_10_08_18_38_28_180.jpg,/home/mengyaowu/Desktop/github_sharing/download/collected_data4/IMG/right_2020_10_08_18_38_28_180.jpg,0,1,0,30.19027
/home/mengyaowu/Desktop/github_sharing/download/collected_data4/IMG/center_2020_10_08_18_38_28_249.jpg,/home/mengyaowu/Desktop/github_sharing/download/collected_data4/IMG/left_2020_10_08_18_38_28_249.jpg,/home/mengyaowu/Desktop/github_sharing/download/collected_data4/IMG/right_2020_10_08_18_38_28_249.jpg,0,1,0,30.19046
/home/mengyaowu/Desktop/github_sharing/download/collected_data4/IMG/center_2020_10_08_18_38_28_324.jpg,/home/mengyaowu/Desktop/github_sharing/download/collected_data4/IMG/left_2020_10_08_18_38_28_324.jpg,/home/mengyaowu/Desktop/github_sharing/download/collected_data4/IMG/right_2020_10_08_18_38_28_324.jpg,0,1,0,30.19033
/home/mengyaowu/Desktop/github_sharing/download/collected_data4/IMG/center_2020_10_08_18_38_28_392.jpg,/home/mengyaowu/Desktop/github_sharing/download/collected_data4/IMG/left_2020_10_08_18_38_28_392.jpg,/home/mengyaowu/Desktop/github_sharing/download/collected_data4/IMG/right_2020_10_08_18_38_28_392.jpg,0,1,0,30.19037
/home/mengyaowu/Desktop/github_sharing/download/collected_data4/IMG/center_2020_10_08_18_38_28_459.jpg,/home/mengyaowu/Desktop/github_sharing/download/collected_data4/IMG/left_2020_10_08_18_38_28_459.jpg,/home/mengyaowu/Desktop/github_sharing/download/collected_data4/IMG/right_2020_10_08_18_38_28_459.jpg,0,1,0,30.1905
/home/mengyaowu/Desktop/github_sharing/download/collected_data4/IMG/center_2020_10_08_18_38_28_531.jpg,/home/mengyaowu/Desktop/github_sharing/download/collected_data4/IMG/left_2020_10_08_18_38_28_531.jpg,/home/mengyaowu/Desktop/github_sharing/download/collected_data4/IMG/right_2020_10_08_18_38_28_531.jpg,0,1,0,30.19038
/home/mengyaowu/Desktop/github_sharing/download/collected_data4/IMG/center_2020_10_08_18_38_28_601.jpg,/home/mengyaowu/Desktop/github_sharing/download/collected_data4/IMG/left_2020_10_08_18_38_28_601.jpg,/home/mengyaowu/Desktop/github_sharing/download/collected_data4/IMG/right_2020_10_08_18_38_28_601.jpg,0,1,0,30.19025
/home/mengyaowu/Desktop/github_sharing/download/collected_data4/IMG/center_2020_10_08_18_38_28_671.jpg,/home/mengyaowu/Desktop/github_sharing/download/collected_data4/IMG/left_2020_10_08_18_38_28_671.jpg,/home/mengyaowu/Desktop/github_sharing/download/collected_data4/IMG/right_2020_10_08_18_38_28_671.jpg,0,1,0,30.19031
/home/mengyaowu/Desktop/github_sharing/download/collected_data4/IMG/center_2020_10_08_18_38_28_739.jpg,/home/mengyaowu/Desktop/github_sharing/download/collected_data4/IMG/left_2020_10_08_18_38_28_739.jpg,/home/mengyaowu/Desktop/github_sharing/download/collected_data4/IMG/right_2020_10_08_18_38_28_739.jpg,0,1,0,30.19028
/home/mengyaowu/Desktop/github_sharing/download/collected_data4/IMG/center_2020_10_08_18_38_28_812.jpg,/home/mengyaowu/Desktop/github_sharing/download/collected_data4/IMG/left_2020_10_08_18_38_28_812.jpg,/home/mengyaowu/Desktop/github_sharing/download/collected_data4/IMG/right_2020_10_08_18_38_28_812.jpg,0,1,0,30.19031
/home/mengyaowu/Desktop/github_sharing/download/collected_data4/IMG/center_2020_10_08_18_38_28_879.jpg,/home/mengyaowu/Desktop/github_sharing/download/collected_data4/IMG/left_2020_10_08_18_38_28_879.jpg,/home/mengyaowu/Desktop/github_sharing/download/collected_data4/IMG/right_2020_10_08_18_38_28_879.jpg,0,1,0,30.19033
/home/mengyaowu/Desktop/github_sharing/download/collected_data4/IMG/center_2020_10_08_18_38_28_950.jpg,/home/mengyaowu/Desktop/github_sharing/download/collected_data4/IMG/left_2020_10_08_18_38_28_950.jpg,/home/mengyaowu/Desktop/github_sharing/download/collected_data4/IMG/right_2020_10_08_18_38_28_950.jpg,0,1,0,30.1902
/home/mengyaowu/Desktop/github_sharing/download/collected_data4/IMG/center_2020_10_08_18_38_29_019.jpg,/home/mengyaowu/Desktop/github_sharing/download/collected_data4/IMG/left_2020_10_08_18_38_29_019.jpg,/home/mengyaowu/Desktop/github_sharing/download/collected_data4/IMG/right_2020_10_08_18_38_29_019.jpg,0,1,0,30.19021
/home/mengyaowu/Desktop/github_sharing/download/collected_data4/IMG/center_2020_10_08_18_38_29_092.jpg,/home/mengyaowu/Desktop/github_sharing/download/collected_data4/IMG/left_2020_10_08_18_38_29_092.jpg,/home/mengyaowu/Desktop/github_sharing/download/collected_data4/IMG/right_2020_10_08_18_38_29_092.jpg,0,1,0,30.19025
/home/mengyaowu/Desktop/github_sharing/download/collected_data4/IMG/center_2020_10_08_18_38_29_160.jpg,/home/mengyaowu/Desktop/github_sharing/download/collected_data4/IMG/left_2020_10_08_18_38_29_160.jpg,/home/mengyaowu/Desktop/github_sharing/download/collected_data4/IMG/right_2020_10_08_18_38_29_160.jpg,0,1,0,30.19034
/home/mengyaowu/Desktop/github_sharing/download/collected_data4/IMG/center_2020_10_08_18_38_29_231.jpg,/home/mengyaowu/Desktop/github_sharing/download/collected_data4/IMG/left_2020_10_08_18_38_29_231.jpg,/home/mengyaowu/Desktop/github_sharing/download/collected_data4/IMG/right_2020_10_08_18_38_29_231.jpg,0.15,1,0,30.18424
/home/mengyaowu/Desktop/github_sharing/download/collected_data4/IMG/center_2020_10_08_18_38_29_299.jpg,/home/mengyaowu/Desktop/github_sharing/download/collected_data4/IMG/left_2020_10_08_18_38_29_299.jpg,/home/mengyaowu/Desktop/github_sharing/download/collected_data4/IMG/right_2020_10_08_18_38_29_299.jpg,0.35,1,0,30.16343
/home/mengyaowu/Desktop/github_sharing/download/collected_data4/IMG/center_2020_10_08_18_38_29_370.jpg,/home/mengyaowu/Desktop/github_sharing/download/collected_data4/IMG/left_2020_10_08_18_38_29_370.jpg,/home/mengyaowu/Desktop/github_sharing/download/collected_data4/IMG/right_2020_10_08_18_38_29_370.jpg,0,1,0,30.17926
/home/mengyaowu/Desktop/github_sharing/download/collected_data4/IMG/center_2020_10_08_18_38_29_440.jpg,/home/mengyaowu/Desktop/github_sharing/download/collected_data4/IMG/left_2020_10_08_18_38_29_440.jpg,/home/mengyaowu/Desktop/github_sharing/download/collected_data4/IMG/right_2020_10_08_18_38_29_440.jpg,0,1,0,30.1887
/home/mengyaowu/Desktop/github_sharing/download/collected_data4/IMG/center_2020_10_08_18_38_29_513.jpg,/home/mengyaowu/Desktop/github_sharing/download/collected_data4/IMG/left_2020_10_08_18_38_29_513.jpg,/home/mengyaowu/Desktop/github_sharing/download/collected_data4/IMG/right_2020_10_08_18_38_29_513.jpg,0,1,0,30.18971
/home/mengyaowu/Desktop/github_sharing/download/collected_data4/IMG/center_2020_10_08_18_38_29_583.jpg,/home/mengyaowu/Desktop/github_sharing/download/collected_data4/IMG/left_2020_10_08_18_38_29_583.jpg,/home/mengyaowu/Desktop/github_sharing/download/collected_data4/IMG/right_2020_10_08_18_38_29_583.jpg,0,0.8838761,0,30.17451
/home/mengyaowu/Desktop/github_sharing/download/collected_data4/IMG/center_2020_10_08_18_38_29_652.jpg,/home/mengyaowu/Desktop/github_sharing/download/collected_data4/IMG/left_2020_10_08_18_38_29_652.jpg,/home/mengyaowu/Desktop/github_sharing/download/collected_data4/IMG/right_2020_10_08_18_38_29_652.jpg,0,0.8535879,0,30.13718
/home/mengyaowu/Desktop/github_sharing/download/collected_data4/IMG/center_2020_10_08_18_38_29_724.jpg,/home/mengyaowu/Desktop/github_sharing/download/collected_data4/IMG/left_2020_10_08_18_38_29_724.jpg,/home/mengyaowu/Desktop/github_sharing/download/collected_data4/IMG/right_2020_10_08_18_38_29_724.jpg,0,1,0,30.19156
/home/mengyaowu/Desktop/github_sharing/download/collected_data4/IMG/center_2020_10_08_18_38_29_793.jpg,/home/mengyaowu/Desktop/github_sharing/download/collected_data4/IMG/left_2020_10_08_18_38_29_793.jpg,/home/mengyaowu/Desktop/github_sharing/download/collected_data4/IMG/right_2020_10_08_18_38_29_793.jpg,0,1,0,30.1902
/home/mengyaowu/Desktop/github_sharing/download/collected_data4/IMG/center_2020_10_08_18_38_29_861.jpg,/home/mengyaowu/Desktop/github_sharing/download/collected_data4/IMG/left_2020_10_08_18_38_29_861.jpg,/home/mengyaowu/Desktop/github_sharing/download/collected_data4/IMG/right_2020_10_08_18_38_29_861.jpg,0,1,0,30.19015
/home/mengyaowu/Desktop/github_sharing/download/collected_data4/IMG/center_2020_10_08_18_38_29_928.jpg,/home/mengyaowu/Desktop/github_sharing/download/collected_data4/IMG/left_2020_10_08_18_38_29_928.jpg,/home/mengyaowu/Desktop/github_sharing/download/collected_data4/IMG/right_2020_10_08_18_38_29_928.jpg,0,1,0,30.19034
/home/mengyaowu/Desktop/github_sharing/download/collected_data4/IMG/center_2020_10_08_18_38_29_998.jpg,/home/mengyaowu/Desktop/github_sharing/download/collected_data4/IMG/left_2020_10_08_18_38_29_998.jpg,/home/mengyaowu/Desktop/github_sharing/download/collected_data4/IMG/right_2020_10_08_18_38_29_998.jpg,0,1,0,30.19038
/home/mengyaowu/Desktop/github_sharing/download/collected_data4/IMG/center_2020_10_08_18_38_30_143.jpg,/home/mengyaowu/Desktop/github_sharing/download/collected_data4/IMG/left_2020_10_08_18_38_30_143.jpg,/home/mengyaowu/Desktop/github_sharing/download/collected_data4/IMG/right_2020_10_08_18_38_30_143.jpg,0,1,0,29.19548
/home/mengyaowu/Desktop/github_sharing/download/collected_data4/IMG/center_2020_10_08_18_38_48_558.jpg,/home/mengyaowu/Desktop/github_sharing/download/collected_data4/IMG/left_2020_10_08_18_38_48_558.jpg,/home/mengyaowu/Desktop/github_sharing/download/collected_data4/IMG/right_2020_10_08_18_38_48_558.jpg,0,1,0,20.62797
/home/mengyaowu/Desktop/github_sharing/download/collected_data4/IMG/center_2020_10_08_18_38_48_627.jpg,/home/mengyaowu/Desktop/github_sharing/download/collected_data4/IMG/left_2020_10_08_18_38_48_627.jpg,/home/mengyaowu/Desktop/github_sharing/download/collected_data4/IMG/right_2020_10_08_18_38_48_627.jpg,0,1,0,20.92502
/home/mengyaowu/Desktop/github_sharing/download/collected_data4/IMG/center_2020_10_08_18_38_48_711.jpg,/home/mengyaowu/Desktop/github_sharing/download/collected_data4/IMG/left_2020_10_08_18_38_48_711.jpg,/home/mengyaowu/Desktop/github_sharing/download/collected_data4/IMG/right_2020_10_08_18_38_48_711.jpg,0,1,0,21.55286
/home/mengyaowu/Desktop/github_sharing/download/collected_data4/IMG/center_2020_10_08_18_38_48_779.jpg,/home/mengyaowu/Desktop/github_sharing/download/collected_data4/IMG/left_2020_10_08_18_38_48_779.jpg,/home/mengyaowu/Desktop/github_sharing/download/collected_data4/IMG/right_2020_10_08_18_38_48_779.jpg,0.05,1,0,22.07043
/home/mengyaowu/Desktop/github_sharing/download/collected_data4/IMG/center_2020_10_08_18_38_48_855.jpg,/home/mengyaowu/Desktop/github_sharing/download/collected_data4/IMG/left_2020_10_08_18_38_48_855.jpg,/home/mengyaowu/Desktop/github_sharing/download/collected_data4/IMG/right_2020_10_08_18_38_48_855.jpg,0.2,1,0,22.52655
/home/mengyaowu/Desktop/github_sharing/download/collected_data4/IMG/center_2020_10_08_18_38_48_942.jpg,/home/mengyaowu/Desktop/github_sharing/download/collected_data4/IMG/left_2020_10_08_18_38_48_942.jpg,/home/mengyaowu/Desktop/github_sharing/download/collected_data4/IMG/right_2020_10_08_18_38_48_942.jpg,0.45,1,0,22.89145
/home/mengyaowu/Desktop/github_sharing/download/collected_data4/IMG/center_2020_10_08_18_38_49_012.jpg,/home/mengyaowu/Desktop/github_sharing/download/collected_data4/IMG/left_2020_10_08_18_38_49_012.jpg,/home/mengyaowu/Desktop/github_sharing/download/collected_data4/IMG/right_2020_10_08_18_38_49_012.jpg,0.6000001,1,0,23.11112
/home/mengyaowu/Desktop/github_sharing/download/collected_data4/IMG/center_2020_10_08_18_38_49_081.jpg,/home/mengyaowu/Desktop/github_sharing/download/collected_data4/IMG/left_2020_10_08_18_38_49_081.jpg,/home/mengyaowu/Desktop/github_sharing/download/collected_data4/IMG/right_2020_10_08_18_38_49_081.jpg,0.8000001,1,0,23.41796
/home/mengyaowu/Desktop/github_sharing/download/collected_data4/IMG/center_2020_10_08_18_38_49_156.jpg,/home/mengyaowu/Desktop/github_sharing/download/collected_data4/IMG/left_2020_10_08_18_38_49_156.jpg,/home/mengyaowu/Desktop/github_sharing/download/collected_data4/IMG/right_2020_10_08_18_38_49_156.jpg,0,1,0,23.47615
/home/mengyaowu/Desktop/github_sharing/download/collected_data4/IMG/center_2020_10_08_18_38_49_237.jpg,/home/mengyaowu/Desktop/github_sharing/download/collected_data4/IMG/left_2020_10_08_18_38_49_237.jpg,/home/mengyaowu/Desktop/github_sharing/download/collected_data4/IMG/right_2020_10_08_18_38_49_237.jpg,0,1,0,23.93648
/home/mengyaowu/Desktop/github_sharing/download/collected_data4/IMG/center_2020_10_08_18_38_49_318.jpg,/home/mengyaowu/Desktop/github_sharing/download/collected_data4/IMG/left_2020_10_08_18_38_49_318.jpg,/home/mengyaowu/Desktop/github_sharing/download/collected_data4/IMG/right_2020_10_08_18_38_49_318.jpg,0,1,0,24.4201
/home/mengyaowu/Desktop/github_sharing/download/collected_data4/IMG/center_2020_10_08_18_38_49_386.jpg,/home/mengyaowu/Desktop/github_sharing/download/collected_data4/IMG/left_2020_10_08_18_38_49_386.jpg,/home/mengyaowu/Desktop/github_sharing/download/collected_data4/IMG/right_2020_10_08_18_38_49_386.jpg,0.1,1,0,24.47648
/home/mengyaowu/Desktop/github_sharing/download/collected_data4/IMG/center_2020_10_08_18_38_49_454.jpg,/home/mengyaowu/Desktop/github_sharing/download/collected_data4/IMG/left_2020_10_08_18_38_49_454.jpg,/home/mengyaowu/Desktop/github_sharing/download/collected_data4/IMG/right_2020_10_08_18_38_49_454.jpg,0.25,1,0,24.87003
/home/mengyaowu/Desktop/github_sharing/download/collected_data4/IMG/center_2020_10_08_18_38_49_522.jpg,/home/mengyaowu/Desktop/github_sharing/download/collected_data4/IMG/left_2020_10_08_18_38_49_522.jpg,/home/mengyaowu/Desktop/github_sharing/download/collected_data4/IMG/right_2020_10_08_18_38_49_522.jpg,0.45,1,0,25.21166
/home/mengyaowu/Desktop/github_sharing/download/collected_data4/IMG/center_2020_10_08_18_38_49_593.jpg,/home/mengyaowu/Desktop/github_sharing/download/collected_data4/IMG/left_2020_10_08_18_38_49_593.jpg,/home/mengyaowu/Desktop/github_sharing/download/collected_data4/IMG/right_2020_10_08_18_38_49_593.jpg,0.6000001,1,0,25.38849
/home/mengyaowu/Desktop/github_sharing/download/collected_data4/IMG/center_2020_10_08_18_38_49_664.jpg,/home/mengyaowu/Desktop/github_sharing/download/collected_data4/IMG/left_2020_10_08_18_38_49_664.jpg,/home/mengyaowu/Desktop/github_sharing/download/collected_data4/IMG/right_2020_10_08_18_38_49_664.jpg,0,1,0,25.55436
/home/mengyaowu/Desktop/github_sharing/download/collected_data4/IMG/center_2020_10_08_18_38_49_734.jpg,/home/mengyaowu/Desktop/github_sharing/download/collected_data4/IMG/left_2020_10_08_18_38_49_734.jpg,/home/mengyaowu/Desktop/github_sharing/download/collected_data4/IMG/right_2020_10_08_18_38_49_734.jpg,0,1,0,25.81976
/home/mengyaowu/Desktop/github_sharing/download/collected_data4/IMG/center_2020_10_08_18_38_49_803.jpg,/home/mengyaowu/Desktop/github_sharing/download/collected_data4/IMG/left_2020_10_08_18_38_49_803.jpg,/home/mengyaowu/Desktop/github_sharing/download/collected_data4/IMG/right_2020_10_08_18_38_49_803.jpg,0,1,0,26.13878
/home/mengyaowu/Desktop/github_sharing/download/collected_data4/IMG/center_2020_10_08_18_38_49_872.jpg,/home/mengyaowu/Desktop/github_sharing/download/collected_data4/IMG/left_2020_10_08_18_38_49_872.jpg,/home/mengyaowu/Desktop/github_sharing/download/collected_data4/IMG/right_2020_10_08_18_38_49_872.jpg,0.15,1,0,26.4721
/home/mengyaowu/Desktop/github_sharing/download/collected_data4/IMG/center_2020_10_08_18_38_49_948.jpg,/home/mengyaowu/Desktop/github_sharing/download/collected_data4/IMG/left_2020_10_08_18_38_49_948.jpg,/home/mengyaowu/Desktop/github_sharing/download/collected_data4/IMG/right_2020_10_08_18_38_49_948.jpg,0.35,1,0,26.77457
/home/mengyaowu/Desktop/github_sharing/download/collected_data4/IMG/center_2020_10_08_18_38_50_028.jpg,/home/mengyaowu/Desktop/github_sharing/download/collected_data4/IMG/left_2020_10_08_18_38_50_028.jpg,/home/mengyaowu/Desktop/github_sharing/download/collected_data4/IMG/right_2020_10_08_18_38_50_028.jpg,0.5500001,1,0,27.01018
/home/mengyaowu/Desktop/github_sharing/download/collected_data4/IMG/center_2020_10_08_18_38_50_110.jpg,/home/mengyaowu/Desktop/github_sharing/download/collected_data4/IMG/left_2020_10_08_18_38_50_110.jpg,/home/mengyaowu/Desktop/github_sharing/download/collected_data4/IMG/right_2020_10_08_18_38_50_110.jpg,0.7500002,1,0,27.17521
/home/mengyaowu/Desktop/github_sharing/download/collected_data4/IMG/center_2020_10_08_18_38_50_178.jpg,/home/mengyaowu/Desktop/github_sharing/download/collected_data4/IMG/left_2020_10_08_18_38_50_178.jpg,/home/mengyaowu/Desktop/github_sharing/download/collected_data4/IMG/right_2020_10_08_18_38_50_178.jpg,0.9500002,1,0,27.32153
/home/mengyaowu/Desktop/github_sharing/download/collected_data4/IMG/center_2020_10_08_18_38_50_261.jpg,/home/mengyaowu/Desktop/github_sharing/download/collected_data4/IMG/left_2020_10_08_18_38_50_261.jpg,/home/mengyaowu/Desktop/github_sharing/download/collected_data4/IMG/right_2020_10_08_18_38_50_261.jpg,0,1,0,27.48697
/home/mengyaowu/Desktop/github_sharing/download/collected_data4/IMG/center_2020_10_08_18_38_50_338.jpg,/home/mengyaowu/Desktop/github_sharing/download/collected_data4/IMG/left_2020_10_08_18_38_50_338.jpg,/home/mengyaowu/Desktop/github_sharing/download/collected_data4/IMG/right_2020_10_08_18_38_50_338.jpg,0,1,0,27.88675
/home/mengyaowu/Desktop/github_sharing/download/collected_data4/IMG/center_2020_10_08_18_38_50_412.jpg,/home/mengyaowu/Desktop/github_sharing/download/collected_data4/IMG/left_2020_10_08_18_38_50_412.jpg,/home/mengyaowu/Desktop/github_sharing/download/collected_data4/IMG/right_2020_10_08_18_38_50_412.jpg,0.15,1,0,28.2085
/home/mengyaowu/Desktop/github_sharing/download/collected_data4/IMG/center_2020_10_08_18_38_50_481.jpg,/home/mengyaowu/Desktop/github_sharing/download/collected_data4/IMG/left_2020_10_08_18_38_50_481.jpg,/home/mengyaowu/Desktop/github_sharing/download/collected_data4/IMG/right_2020_10_08_18_38_50_481.jpg,0.35,1,0,28.42142
/home/mengyaowu/Desktop/github_sharing/download/collected_data4/IMG/center_2020_10_08_18_38_50_568.jpg,/home/mengyaowu/Desktop/github_sharing/download/collected_data4/IMG/left_2020_10_08_18_38_50_568.jpg,/home/mengyaowu/Desktop/github_sharing/download/collected_data4/IMG/right_2020_10_08_18_38_50_568.jpg,0,1,0,28.95139
/home/mengyaowu/Desktop/github_sharing/download/collected_data4/IMG/center_2020_10_08_18_38_50_646.jpg,/home/mengyaowu/Desktop/github_sharing/download/collected_data4/IMG/left_2020_10_08_18_38_50_646.jpg,/home/mengyaowu/Desktop/github_sharing/download/collected_data4/IMG/right_2020_10_08_18_38_50_646.jpg,0,1,0,29.39556
/home/mengyaowu/Desktop/github_sharing/download/collected_data4/IMG/center_2020_10_08_18_38_50_716.jpg,/home/mengyaowu/Desktop/github_sharing/download/collected_data4/IMG/left_2020_10_08_18_38_50_716.jpg,/home/mengyaowu/Desktop/github_sharing/download/collected_data4/IMG/right_2020_10_08_18_38_50_716.jpg,0,1,0,29.89313
/home/mengyaowu/Desktop/github_sharing/download/collected_data4/IMG/center_2020_10_08_18_38_50_788.jpg,/home/mengyaowu/Desktop/github_sharing/download/collected_data4/IMG/left_2020_10_08_18_38_50_788.jpg,/home/mengyaowu/Desktop/github_sharing/download/collected_data4/IMG/right_2020_10_08_18_38_50_788.jpg,0,1,0,30.17969
/home/mengyaowu/Desktop/github_sharing/download/collected_data4/IMG/center_2020_10_08_18_38_50_858.jpg,/home/mengyaowu/Desktop/github_sharing/download/collected_data4/IMG/left_2020_10_08_18_38_50_858.jpg,/home/mengyaowu/Desktop/github_sharing/download/collected_data4/IMG/right_2020_10_08_18_38_50_858.jpg,0,1,0,29.95014
/home/mengyaowu/Desktop/github_sharing/download/collected_data4/IMG/center_2020_10_08_18_38_50_930.jpg,/home/mengyaowu/Desktop/github_sharing/download/collected_data4/IMG/left_2020_10_08_18_38_50_930.jpg,/home/mengyaowu/Desktop/github_sharing/download/collected_data4/IMG/right_2020_10_08_18_38_50_930.jpg,0,1,0,30.478
/home/mengyaowu/Desktop/github_sharing/download/collected_data4/IMG/center_2020_10_08_18_38_50_997.jpg,/home/mengyaowu/Desktop/github_sharing/download/collected_data4/IMG/left_2020_10_08_18_38_50_997.jpg,/home/mengyaowu/Desktop/github_sharing/download/collected_data4/IMG/right_2020_10_08_18_38_50_997.jpg,0,1,0,30.15031
/home/mengyaowu/Desktop/github_sharing/download/collected_data4/IMG/center_2020_10_08_18_38_51_066.jpg,/home/mengyaowu/Desktop/github_sharing/download/collected_data4/IMG/left_2020_10_08_18_38_51_066.jpg,/home/mengyaowu/Desktop/github_sharing/download/collected_data4/IMG/right_2020_10_08_18_38_51_066.jpg,0,1,0,30.09858
/home/mengyaowu/Desktop/github_sharing/download/collected_data4/IMG/center_2020_10_08_18_38_51_135.jpg,/home/mengyaowu/Desktop/github_sharing/download/collected_data4/IMG/left_2020_10_08_18_38_51_135.jpg,/home/mengyaowu/Desktop/github_sharing/download/collected_data4/IMG/right_2020_10_08_18_38_51_135.jpg,0,1,0,30.31684
/home/mengyaowu/Desktop/github_sharing/download/collected_data4/IMG/center_2020_10_08_18_38_51_203.jpg,/home/mengyaowu/Desktop/github_sharing/download/collected_data4/IMG/left_2020_10_08_18_38_51_203.jpg,/home/mengyaowu/Desktop/github_sharing/download/collected_data4/IMG/right_2020_10_08_18_38_51_203.jpg,0,1,0,30.18516
/home/mengyaowu/Desktop/github_sharing/download/collected_data4/IMG/center_2020_10_08_18_38_51_276.jpg,/home/mengyaowu/Desktop/github_sharing/download/collected_data4/IMG/left_2020_10_08_18_38_51_276.jpg,/home/mengyaowu/Desktop/github_sharing/download/collected_data4/IMG/right_2020_10_08_18_38_51_276.jpg,0.05,1,0,30.18843
/home/mengyaowu/Desktop/github_sharing/download/collected_data4/IMG/center_2020_10_08_18_38_51_353.jpg,/home/mengyaowu/Desktop/github_sharing/download/collected_data4/IMG/left_2020_10_08_18_38_51_353.jpg,/home/mengyaowu/Desktop/github_sharing/download/collected_data4/IMG/right_2020_10_08_18_38_51_353.jpg,0.25,1,0,30.17383
/home/mengyaowu/Desktop/github_sharing/download/collected_data4/IMG/center_2020_10_08_18_38_51_425.jpg,/home/mengyaowu/Desktop/github_sharing/download/collected_data4/IMG/left_2020_10_08_18_38_51_425.jpg,/home/mengyaowu/Desktop/github_sharing/download/collected_data4/IMG/right_2020_10_08_18_38_51_425.jpg,0,1,0,30.18137
/home/mengyaowu/Desktop/github_sharing/download/collected_data4/IMG/center_2020_10_08_18_38_51_496.jpg,/home/mengyaowu/Desktop/github_sharing/download/collected_data4/IMG/left_2020_10_08_18_38_51_496.jpg,/home/mengyaowu/Desktop/github_sharing/download/collected_data4/IMG/right_2020_10_08_18_38_51_496.jpg,0,1,0,30.18922
/home/mengyaowu/Desktop/github_sharing/download/collected_data4/IMG/center_2020_10_08_18_38_51_567.jpg,/home/mengyaowu/Desktop/github_sharing/download/collected_data4/IMG/left_2020_10_08_18_38_51_567.jpg,/home/mengyaowu/Desktop/github_sharing/download/collected_data4/IMG/right_2020_10_08_18_38_51_567.jpg,0,1,0,30.19
/home/mengyaowu/Desktop/github_sharing/download/collected_data4/IMG/center_2020_10_08_18_38_51_639.jpg,/home/mengyaowu/Desktop/github_sharing/download/collected_data4/IMG/left_2020_10_08_18_38_51_639.jpg,/home/mengyaowu/Desktop/github_sharing/download/collected_data4/IMG/right_2020_10_08_18_38_51_639.jpg,0,1,0,30.19033
/home/mengyaowu/Desktop/github_sharing/download/collected_data4/IMG/center_2020_10_08_18_38_51_710.jpg,/home/mengyaowu/Desktop/github_sharing/download/collected_data4/IMG/left_2020_10_08_18_38_51_710.jpg,/home/mengyaowu/Desktop/github_sharing/download/collected_data4/IMG/right_2020_10_08_18_38_51_710.jpg,0,1,0,30.19034
/home/mengyaowu/Desktop/github_sharing/download/collected_data4/IMG/center_2020_10_08_18_38_51_778.jpg,/home/mengyaowu/Desktop/github_sharing/download/collected_data4/IMG/left_2020_10_08_18_38_51_778.jpg,/home/mengyaowu/Desktop/github_sharing/download/collected_data4/IMG/right_2020_10_08_18_38_51_778.jpg,0,1,0,30.19052
/home/mengyaowu/Desktop/github_sharing/download/collected_data4/IMG/center_2020_10_08_18_38_51_846.jpg,/home/mengyaowu/Desktop/github_sharing/download/collected_data4/IMG/left_2020_10_08_18_38_51_846.jpg,/home/mengyaowu/Desktop/github_sharing/download/collected_data4/IMG/right_2020_10_08_18_38_51_846.jpg,0,1,0,30.19029
/home/mengyaowu/Desktop/github_sharing/download/collected_data4/IMG/center_2020_10_08_18_38_51_919.jpg,/home/mengyaowu/Desktop/github_sharing/download/collected_data4/IMG/left_2020_10_08_18_38_51_919.jpg,/home/mengyaowu/Desktop/github_sharing/download/collected_data4/IMG/right_2020_10_08_18_38_51_919.jpg,0,1,0,30.19023
/home/mengyaowu/Desktop/github_sharing/download/collected_data4/IMG/center_2020_10_08_18_38_51_997.jpg,/home/mengyaowu/Desktop/github_sharing/download/collected_data4/IMG/left_2020_10_08_18_38_51_997.jpg,/home/mengyaowu/Desktop/github_sharing/download/collected_data4/IMG/right_2020_10_08_18_38_51_997.jpg,0.1,1,0,30.18754
/home/mengyaowu/Desktop/github_sharing/download/collected_data4/IMG/center_2020_10_08_18_38_52_068.jpg,/home/mengyaowu/Desktop/github_sharing/download/collected_data4/IMG/left_2020_10_08_18_38_52_068.jpg,/home/mengyaowu/Desktop/github_sharing/download/collected_data4/IMG/right_2020_10_08_18_38_52_068.jpg,0.25,1,0,30.17484
/home/mengyaowu/Desktop/github_sharing/download/collected_data4/IMG/center_2020_10_08_18_38_52_142.jpg,/home/mengyaowu/Desktop/github_sharing/download/collected_data4/IMG/left_2020_10_08_18_38_52_142.jpg,/home/mengyaowu/Desktop/github_sharing/download/collected_data4/IMG/right_2020_10_08_18_38_52_142.jpg,0,1,0,30.18873
/home/mengyaowu/Desktop/github_sharing/download/collected_data4/IMG/center_2020_10_08_18_38_52_213.jpg,/home/mengyaowu/Desktop/github_sharing/download/collected_data4/IMG/left_2020_10_08_18_38_52_213.jpg,/home/mengyaowu/Desktop/github_sharing/download/collected_data4/IMG/right_2020_10_08_18_38_52_213.jpg,0,1,0,30.19008
/home/mengyaowu/Desktop/github_sharing/download/collected_data4/IMG/center_2020_10_08_18_38_52_286.jpg,/home/mengyaowu/Desktop/github_sharing/download/collected_data4/IMG/left_2020_10_08_18_38_52_286.jpg,/home/mengyaowu/Desktop/github_sharing/download/collected_data4/IMG/right_2020_10_08_18_38_52_286.jpg,0,1,0,30.19026
/home/mengyaowu/Desktop/github_sharing/download/collected_data4/IMG/center_2020_10_08_18_38_52_355.jpg,/home/mengyaowu/Desktop/github_sharing/download/collected_data4/IMG/left_2020_10_08_18_38_52_355.jpg,/home/mengyaowu/Desktop/github_sharing/download/collected_data4/IMG/right_2020_10_08_18_38_52_355.jpg,0,1,0,30.1902
/home/mengyaowu/Desktop/github_sharing/download/collected_data4/IMG/center_2020_10_08_18_38_52_427.jpg,/home/mengyaowu/Desktop/github_sharing/download/collected_data4/IMG/left_2020_10_08_18_38_52_427.jpg,/home/mengyaowu/Desktop/github_sharing/download/collected_data4/IMG/right_2020_10_08_18_38_52_427.jpg,0,1,0,30.1903
/home/mengyaowu/Desktop/github_sharing/download/collected_data4/IMG/center_2020_10_08_18_38_52_495.jpg,/home/mengyaowu/Desktop/github_sharing/download/collected_data4/IMG/left_2020_10_08_18_38_52_495.jpg,/home/mengyaowu/Desktop/github_sharing/download/collected_data4/IMG/right_2020_10_08_18_38_52_495.jpg,0,1,0,30.19033
/home/mengyaowu/Desktop/github_sharing/download/collected_data4/IMG/center_2020_10_08_18_38_52_566.jpg,/home/mengyaowu/Desktop/github_sharing/download/collected_data4/IMG/left_2020_10_08_18_38_52_566.jpg,/home/mengyaowu/Desktop/github_sharing/download/collected_data4/IMG/right_2020_10_08_18_38_52_566.jpg,0,1,0,30.19029
/home/mengyaowu/Desktop/github_sharing/download/collected_data4/IMG/center_2020_10_08_18_38_52_634.jpg,/home/mengyaowu/Desktop/github_sharing/download/collected_data4/IMG/left_2020_10_08_18_38_52_634.jpg,/home/mengyaowu/Desktop/github_sharing/download/collected_data4/IMG/right_2020_10_08_18_38_52_634.jpg,0,1,0,30.19018
/home/mengyaowu/Desktop/github_sharing/download/collected_data4/IMG/center_2020_10_08_18_38_52_707.jpg,/home/mengyaowu/Desktop/github_sharing/download/collected_data4/IMG/left_2020_10_08_18_38_52_707.jpg,/home/mengyaowu/Desktop/github_sharing/download/collected_data4/IMG/right_2020_10_08_18_38_52_707.jpg,0,1,0,30.19028
/home/mengyaowu/Desktop/github_sharing/download/collected_data4/IMG/center_2020_10_08_18_38_52_778.jpg,/home/mengyaowu/Desktop/github_sharing/download/collected_data4/IMG/left_2020_10_08_18_38_52_778.jpg,/home/mengyaowu/Desktop/github_sharing/download/collected_data4/IMG/right_2020_10_08_18_38_52_778.jpg,0,1,0,30.19037
/home/mengyaowu/Desktop/github_sharing/download/collected_data4/IMG/center_2020_10_08_18_38_52_852.jpg,/home/mengyaowu/Desktop/github_sharing/download/collected_data4/IMG/left_2020_10_08_18_38_52_852.jpg,/home/mengyaowu/Desktop/github_sharing/download/collected_data4/IMG/right_2020_10_08_18_38_52_852.jpg,0,1,0,30.19024
/home/mengyaowu/Desktop/github_sharing/download/collected_data4/IMG/center_2020_10_08_18_38_52_924.jpg,/home/mengyaowu/Desktop/github_sharing/download/collected_data4/IMG/left_2020_10_08_18_38_52_924.jpg,/home/mengyaowu/Desktop/github_sharing/download/collected_data4/IMG/right_2020_10_08_18_38_52_924.jpg,0,1,0,30.19031
/home/mengyaowu/Desktop/github_sharing/download/collected_data4/IMG/center_2020_10_08_18_38_52_992.jpg,/home/mengyaowu/Desktop/github_sharing/download/collected_data4/IMG/left_2020_10_08_18_38_52_992.jpg,/home/mengyaowu/Desktop/github_sharing/download/collected_data4/IMG/right_2020_10_08_18_38_52_992.jpg,0,1,0,30.19024
/home/mengyaowu/Desktop/github_sharing/download/collected_data4/IMG/center_2020_10_08_18_38_53_060.jpg,/home/mengyaowu/Desktop/github_sharing/download/collected_data4/IMG/left_2020_10_08_18_38_53_060.jpg,/home/mengyaowu/Desktop/github_sharing/download/collected_data4/IMG/right_2020_10_08_18_38_53_060.jpg,0,1,0,30.19045
/home/mengyaowu/Desktop/github_sharing/download/collected_data4/IMG/center_2020_10_08_18_38_53_128.jpg,/home/mengyaowu/Desktop/github_sharing/download/collected_data4/IMG/left_2020_10_08_18_38_53_128.jpg,/home/mengyaowu/Desktop/github_sharing/download/collected_data4/IMG/right_2020_10_08_18_38_53_128.jpg,0,1,0,30.19022
/home/mengyaowu/Desktop/github_sharing/download/collected_data4/IMG/center_2020_10_08_18_38_53_195.jpg,/home/mengyaowu/Desktop/github_sharing/download/collected_data4/IMG/left_2020_10_08_18_38_53_195.jpg,/home/mengyaowu/Desktop/github_sharing/download/collected_data4/IMG/right_2020_10_08_18_38_53_195.jpg,0,1,0,30.19038
/home/mengyaowu/Desktop/github_sharing/download/collected_data4/IMG/center_2020_10_08_18_38_53_269.jpg,/home/mengyaowu/Desktop/github_sharing/download/collected_data4/IMG/left_2020_10_08_18_38_53_269.jpg,/home/mengyaowu/Desktop/github_sharing/download/collected_data4/IMG/right_2020_10_08_18_38_53_269.jpg,0,1,0,30.19027
/home/mengyaowu/Desktop/github_sharing/download/collected_data4/IMG/center_2020_10_08_18_38_53_343.jpg,/home/mengyaowu/Desktop/github_sharing/download/collected_data4/IMG/left_2020_10_08_18_38_53_343.jpg,/home/mengyaowu/Desktop/github_sharing/download/collected_data4/IMG/right_2020_10_08_18_38_53_343.jpg,0,1,0,30.19035
